Name,Province,Region,Start Date,End Date,Currently Active
Cariboo District,British Columbia,,1871-05-16,1872-07-07,Not Active
New Westminster District,British Columbia,,1871-05-16,1872-07-07,Not Active
Vancouver Island,British Columbia,Vancouver Region,1871-05-16,1872-07-07,Not Active
Victoria District,British Columbia,,1871-05-16,1872-07-07,Not Active
Yale District,British Columbia,,1871-05-16,1872-07-07,Not Active
Bruce South,Ontario,,1867-08-06,1882-05-16,Not Active
Cornwall,Ontario,,1867-08-06,1882-05-16,Not Active
Essex,Ontario,,1867-08-06,1882-05-16,Not Active
Huron Centre,Ontario,,1872-07-08,1882-05-16,Not Active
Huron North,Ontario,,1867-08-06,1882-05-16,Not Active
Lambton,Ontario,,1867-08-06,1882-05-16,Not Active
Lincoln,Ontario,,1867-08-06,1882-05-16,Not Active
Muskoka,Ontario,,1872-07-08,1882-05-16,Not Active
Niagara,Ontario,,1867-08-06,1882-05-16,Not Active
Stormont,Ontario,,1867-08-06,1882-05-16,Not Active
Chambly,Quebec,,1867-08-06,1893-03-31,Not Active
Brant North,Ontario,,1867-08-06,1896-04-23,Not Active
Cariboo,British Columbia,,1872-07-08,1896-04-23,Not Active
Iberville,Quebec,,1867-08-06,1896-04-23,Not Active
King's County,Prince Edward Island,,1873-06-26,1896-04-23,Not Active
Laprairie,Quebec,,1867-08-06,1896-04-23,Not Active
Montreal Centre,Quebec,,1867-08-06,1896-04-23,Not Active
Montreal East,Quebec,,1867-08-06,1896-04-23,Not Active
Montreal West,Quebec,,1867-08-06,1896-04-23,Not Active
Napierville,Quebec,,1867-08-06,1896-04-23,Not Active
Ottawa (County of),Quebec,,1867-08-06,1896-04-23,Not Active
Prince County,Prince Edward Island,,1873-06-26,1896-04-23,Not Active
Queen's,New Brunswick,,1867-08-06,1896-04-23,Not Active
Queen's County,Prince Edward Island,,1873-06-26,1896-04-23,Not Active
Queens,Nova Scotia,,1867-08-06,1896-04-23,Not Active
Saint Maurice,Quebec,,1867-08-06,1896-04-23,Not Active
Shelburne,Nova Scotia,,1867-08-06,1896-04-23,Not Active
St. John's,Quebec,,1867-08-06,1896-04-23,Not Active
Sunbury,New Brunswick,,1867-08-06,1896-04-23,Not Active
Three Rivers,Quebec,,1867-08-06,1896-04-23,Not Active
Verchères,Quebec,,1867-08-06,1896-04-23,Not Active
Wentworth North,Ontario,,1867-08-06,1896-04-23,Not Active
Yale,British Columbia,,1872-07-08,1896-04-23,Not Active
Haldimand,Ontario,,1867-08-06,1896-04-26,Not Active
Monck,Ontario,,1867-08-06,1898-04-23,Not Active
Addington,Ontario,,1867-08-06,1904-09-19,Not Active
Albert,New Brunswick,,1867-08-06,1904-09-19,Not Active
Algoma,Ontario,,1867-08-06,1904-09-19,Not Active
Bothwell,Ontario,,1867-08-06,1904-09-19,Not Active
Brant South,Ontario,,1867-08-06,1904-09-19,Not Active
Bruce East,Ontario,,1882-05-17,1904-09-19,Not Active
Bruce West,Ontario,,1882-05-17,1904-09-19,Not Active
Burrard,British Columbia,,1896-04-24,1904-09-19,Not Active
Cape Breton,Nova Scotia,,1867-08-06,1904-09-19,Not Active
Cardwell,Ontario,,1867-08-06,1904-09-19,Not Active
Cornwall and Stormont,Ontario,,1882-05-17,1904-09-19,Not Active
Durham East,Ontario,,1867-08-06,1904-09-19,Not Active
Durham West,Ontario,,1867-08-06,1904-09-19,Not Active
East Prince,Prince Edward Island,,1896-04-24,1904-09-19,Not Active
East Queen's,Prince Edward Island,,1896-04-24,1904-09-19,Not Active
Grenville South,Ontario,,1867-08-06,1904-09-19,Not Active
Haldimand and Monck,Ontario,,1896-04-24,1904-09-19,Not Active
Hamilton,Ontario,Hamilton,1867-08-06,1904-09-19,Not Active
Hastings North,Ontario,,1867-08-06,1904-09-19,Not Active
Kent,Ontario,,1867-08-06,1904-09-19,Not Active
King's,New Brunswick,,1867-08-06,1904-09-19,Not Active
Leeds North and Grenville North,Ontario,,1867-08-06,1904-09-19,Not Active
Leeds South,Ontario,,1867-08-06,1904-09-19,Not Active
Lennox,Ontario,,1867-08-06,1904-09-19,Not Active
Lincoln and Niagara,Ontario,,1882-05-17,1904-09-19,Not Active
Middlesex South,Ontario,,1882-05-17,1904-09-19,Not Active
Muskoka and Parry Sound,Ontario,,1882-05-17,1904-09-19,Not Active
Norfolk North,Ontario,,1867-08-06,1904-09-19,Not Active
Norfolk South,Ontario,,1867-08-06,1904-09-19,Not Active
Ontario West,Ontario,,1882-05-17,1904-09-19,Not Active
Prince Edward,Ontario,,1867-08-06,1904-09-19,Not Active
Toronto West,Ontario,Toronto (City),1867-08-06,1904-09-19,Not Active
Vancouver,British Columbia,Vancouver Region,1872-07-08,1904-09-19,Not Active
Victoria,Nova Scotia,,1867-08-06,1904-09-19,Not Active
Victoria,British Columbia,,1872-07-08,1904-09-19,Not Active
Victoria North,Ontario,,1867-08-06,1904-09-19,Not Active
Victoria South,Ontario,,1867-08-06,1904-09-19,Not Active
Wellington Centre,Ontario,,1867-08-06,1904-09-19,Not Active
Wentworth North and Brant,Ontario,,1896-04-24,1904-09-19,Not Active
Wentworth South,Ontario,,1867-08-06,1904-09-19,Not Active
West Prince,Prince Edward Island,,1896-04-24,1904-09-19,Not Active
West Queen's,Prince Edward Island,,1896-04-24,1904-09-19,Not Active
York East,Ontario,Toronto (City),1867-08-06,1904-09-19,Not Active
York West,Ontario,Toronto (City),1867-08-06,1904-09-19,Not Active
Strathcona,Saskatchewan,,1908-01-01,1908-01-01,Not Active
Alberta (Provisional District),Northwest Territories,,1886-06-02,1908-09-16,Not Active
Assiniboia East,Northwest Territories,,1886-06-02,1908-09-16,Not Active
Assiniboia West,Northwest Territories,,1886-06-02,1908-09-16,Not Active
Calgary,Northwest Territories,Calgary,1904-09-20,1908-09-16,Not Active
Edmonton,Northwest Territories,Edmonton,1904-09-20,1908-09-16,Not Active
Humboldt,Northwest Territories,,1904-09-20,1908-09-16,Not Active
Mackenzie,Northwest Territories,,1904-09-20,1908-09-16,Not Active
Qu'Appelle,Northwest Territories,,1904-09-20,1908-09-16,Not Active
Saskatchewan (Provisional District),Northwest Territories,,1886-06-02,1908-09-16,Not Active
Strathcona,Northwest Territories,,1904-09-20,1908-09-16,Not Active
Annapolis,Nova Scotia,,1867-08-06,1917-10-05,Not Active
Antigonish,Nova Scotia,,1867-08-06,1917-10-05,Not Active
Brockville,Ontario,,1867-08-06,1917-10-05,Not Active
Calgary,Alberta,Calgary,1908-09-17,1917-10-05,Not Active
Cape Breton South,Nova Scotia,,1904-09-20,1917-10-05,Not Active
Carleton,New Brunswick,,1867-08-06,1917-10-05,Not Active
Charlevoix,Quebec,,1867-08-06,1917-10-05,Not Active
Châteauguay,Quebec,Montreal Region,1867-08-06,1917-10-05,Not Active
Comox--Atlin,British Columbia,,1904-09-20,1917-10-05,Not Active
Digby,Nova Scotia,,1867-08-06,1917-10-05,Not Active
Edmonton,Alberta,Edmonton,1908-09-17,1917-10-05,Not Active
Glengarry,Ontario,,1867-08-06,1917-10-05,Not Active
Grey East,Ontario,,1872-07-08,1917-10-05,Not Active
Grey South,Ontario,,1867-08-06,1917-10-05,Not Active
Guysborough,Nova Scotia,,1867-08-06,1917-10-05,Not Active
Huntingdon,Quebec,,1867-08-06,1917-10-05,Not Active
Huron East,Ontario,,1882-05-17,1917-10-05,Not Active
Huron West,Ontario,,1882-05-17,1917-10-05,Not Active
Kent East,Ontario,,1904-09-20,1917-10-05,Not Active
Kent West,Ontario,,1904-09-20,1917-10-05,Not Active
King's and Albert,New Brunswick,,1904-09-20,1917-10-05,Not Active
Kootenay,British Columbia,,1904-09-20,1917-10-05,Not Active
L'Assomption,Quebec,,1867-08-06,1917-10-05,Not Active
Lanark North,Ontario,,1867-08-06,1917-10-05,Not Active
Lanark South,Ontario,,1867-08-06,1917-10-05,Not Active
Laval,Quebec,Laval,1867-08-06,1917-10-05,Not Active
Middlesex North,Ontario,,1867-08-06,1917-10-05,Not Active
Montcalm,Quebec,,1867-08-06,1917-10-05,Not Active
Montmorency,Quebec,,1867-08-06,1917-10-05,Not Active
Northumberland East,Ontario,,1867-08-06,1917-10-05,Not Active
Northumberland West,Ontario,,1867-08-06,1917-10-05,Not Active
Quebec-Centre,Quebec,Québec Region,1867-08-06,1917-10-05,Not Active
Restigouche,New Brunswick,,1867-08-06,1917-10-05,Not Active
Richmond,Nova Scotia,,1867-08-06,1917-10-05,Not Active
Rouville,Quebec,,1867-08-06,1917-10-05,Not Active
Soulanges,Quebec,,1867-08-06,1917-10-05,Not Active
St. Anne,Quebec,,1896-04-24,1917-10-05,Not Active
St. Hyacinthe,Quebec,,1867-08-06,1917-10-05,Not Active
St. John (City and County of),New Brunswick,,1867-08-06,1917-10-05,Not Active
St. John (City of ),New Brunswick,,1867-08-06,1917-10-05,Not Active
St. Lawrence,Quebec,,1896-04-24,1917-10-05,Not Active
Stormont,Ontario,,1904-09-20,1917-10-05,Not Active
Sunbury--Queen's,New Brunswick,,1896-04-24,1917-10-05,Not Active
Thunder Bay and Rainy River,Ontario,Thunder Bay,1904-09-20,1917-10-05,Not Active
Two Mountains,Quebec,,1867-08-06,1917-10-05,Not Active
Vancouver City,British Columbia,Vancouver Region,1904-09-20,1917-10-05,Not Active
Vaudreuil,Quebec,,1867-08-06,1917-10-05,Not Active
Victoria,New Brunswick,,1867-08-06,1917-10-05,Not Active
Winnipeg,Manitoba,Winnipeg,1882-05-17,1917-10-05,Not Active
Yale--Cariboo,British Columbia,,1896-04-24,1917-10-05,Not Active
Yarmouth,Nova Scotia,,1867-08-06,1917-10-05,Not Active
York,New Brunswick,,1867-08-06,1917-10-05,Not Active
York Centre,Ontario,Toronto (City),1904-09-20,1917-10-05,Not Active
Westminster District,British Columbia,,1917-10-06,1919-04-02,Not Active
Battleford,Saskatchewan,,1908-09-17,1925-09-04,Not Active
Berthier,Quebec,,1867-08-06,1925-09-04,Not Active
Brantford,Ontario,,1904-09-20,1925-09-04,Not Active
Brome,Quebec,,1867-08-06,1925-09-04,Not Active
Burrard,British Columbia,,1917-10-06,1925-09-04,Not Active
Cape Breton South and Richmond,Nova Scotia,,1917-10-06,1925-09-04,Not Active
Charlevoix--Montmorency,Quebec,,1917-10-06,1925-09-04,Not Active
Chicoutimi--Saguenay,Quebec,,1867-08-06,1925-09-04,Not Active
Digby and Annapolis,Nova Scotia,,1917-10-06,1925-09-04,Not Active
Dufferin,Ontario,,1904-09-20,1925-09-04,Not Active
Dundas,Ontario,,1867-08-06,1925-09-04,Not Active
East Calgary,Alberta,Calgary,1917-10-06,1925-09-04,Not Active
Elgin East,Ontario,,1867-08-06,1925-09-04,Not Active
Essex North,Ontario,,1882-05-17,1925-09-04,Not Active
Fort William and Rainy River,Ontario,,1917-10-06,1925-09-04,Not Active
Frontenac,Ontario,,1867-08-06,1925-09-04,Not Active
George-Étienne Cartier,Quebec,,1917-10-06,1925-09-04,Not Active
Glengarry and Stormont,Ontario,,1917-10-06,1925-09-04,Not Active
Grenville,Ontario,,1904-09-20,1925-09-04,Not Active
Hants,Nova Scotia,,1867-08-06,1925-09-04,Not Active
Hastings East,Ontario,,1867-08-06,1925-09-04,Not Active
Hastings West,Ontario,,1867-08-06,1925-09-04,Not Active
Kings,Nova Scotia,,1867-08-06,1925-09-04,Not Active
Kingston,Ontario,,1867-08-06,1925-09-04,Not Active
Lennox and Addington,Ontario,,1904-09-20,1925-09-04,Not Active
Lunenburg,Nova Scotia,,1867-08-06,1925-09-04,Not Active
Maskinongé,Quebec,,1867-08-06,1925-09-04,Not Active
Missisquoi,Quebec,,1867-08-06,1925-09-04,Not Active
Muskoka,Ontario,,1904-09-20,1925-09-04,Not Active
Norfolk,Ontario,,1904-09-20,1925-09-04,Not Active
North Battleford,Saskatchewan,,1917-10-06,1925-09-04,Not Active
North Cape Breton and Victoria,Nova Scotia,,1904-09-20,1925-09-04,Not Active
Ontario North,Ontario,,1867-08-06,1925-09-04,Not Active
Ontario South,Ontario,,1867-08-06,1925-09-04,Not Active
Peterborough East,Ontario,,1867-08-06,1925-09-04,Not Active
Port Arthur and Kenora,Ontario,,1917-10-06,1925-09-04,Not Active
Prince Edward,Ontario,,1904-09-20,1925-09-04,Not Active
Quebec County,Quebec,Québec Region,1867-08-06,1925-09-04,Not Active
Saltcoats,Saskatchewan,,1908-09-17,1925-09-04,Not Active
Shelburne and Queen's,Nova Scotia,,1896-04-24,1925-09-04,Not Active
Sherbrooke (Town of),Quebec,,1867-08-06,1925-09-04,Not Active
Simcoe South,Ontario,,1867-08-06,1925-09-04,Not Active
Strathcona,Alberta,,1908-09-17,1925-09-04,Not Active
Three Rivers and St. Maurice,Quebec,,1896-04-24,1925-09-04,Not Active
Timiskaming,Ontario,,1917-10-06,1925-09-04,Not Active
Toronto Centre,Ontario,Toronto (City),1872-07-08,1925-09-04,Not Active
Toronto North,Ontario,Toronto (City),1904-09-20,1925-09-04,Not Active
Toronto West,Ontario,Toronto (City),1904-09-20,1925-09-04,Not Active
Victoria,Alberta,,1908-09-17,1925-09-04,Not Active
Victoria City,British Columbia,,1904-09-20,1925-09-04,Not Active
Westmount--St. Henri,Quebec,,1917-10-06,1925-09-04,Not Active
Winnipeg Centre,Manitoba,Winnipeg,1917-10-06,1925-09-04,Not Active
Yarmouth and Clare,Nova Scotia,,1917-10-06,1925-09-04,Not Active
York East,Ontario,Toronto (City),1917-10-06,1925-09-04,Not Active
Bagot,Quebec,,1867-08-06,1935-08-13,Not Active
Beauharnois,Quebec,,1867-08-06,1935-08-13,Not Active
Bruce North,Ontario,,1867-08-06,1935-08-13,Not Active
Bruce South,Ontario,,1904-09-20,1935-08-13,Not Active
Cape Breton North--Victoria,Nova Scotia,,1925-09-05,1935-08-13,Not Active
Chambly--Verchères,Quebec,,1893-04-01,1935-08-13,Not Active
Colchester,Nova Scotia,,1867-08-06,1935-08-13,Not Active
Digby--Annapolis,Nova Scotia,,1925-09-05,1935-08-13,Not Active
Elgin West,Ontario,,1867-08-06,1935-08-13,Not Active
Grey Southeast,Ontario,,1917-10-06,1935-08-13,Not Active
Hants--Kings,Nova Scotia,,1925-09-05,1935-08-13,Not Active
Huron South,Ontario,,1867-08-06,1935-08-13,Not Active
Inverness,Nova Scotia,,1867-08-06,1935-08-13,Not Active
Joliette,Quebec,,1867-08-06,1935-08-13,Not Active
L'Assomption--Montcalm,Quebec,,1917-10-06,1935-08-13,Not Active
L'Islet,Quebec,,1867-08-06,1935-08-13,Not Active
Lake St. John,Quebec,,1925-09-05,1935-08-13,Not Active
Lambton East,Ontario,,1882-05-17,1935-08-13,Not Active
Laprairie--Napierville,Quebec,,1896-04-24,1935-08-13,Not Active
Last Mountain,Saskatchewan,,1917-10-06,1935-08-13,Not Active
Laurier--Outremont,Quebec,,1917-10-06,1935-08-13,Not Active
Long Lake,Saskatchewan,,1925-09-05,1935-08-13,Not Active
Maisonneuve,Quebec,,1896-04-24,1935-08-13,Not Active
Matane,Quebec,,1917-10-06,1935-08-13,Not Active
Mégantic,Quebec,,1867-08-06,1935-08-13,Not Active
Montmagny,Quebec,,1867-08-06,1935-08-13,Not Active
Nelson,Manitoba,,1917-10-06,1935-08-13,Not Active
Nicolet,Quebec,,1867-08-06,1935-08-13,Not Active
Norfolk--Elgin,Ontario,,1925-09-05,1935-08-13,Not Active
Ottawa (City of),Ontario,,1867-08-06,1935-08-13,Not Active
Oxford North,Ontario,,1867-08-06,1935-08-13,Not Active
Oxford South,Ontario,,1867-08-06,1935-08-13,Not Active
Perth North,Ontario,,1867-08-06,1935-08-13,Not Active
Perth South,Ontario,,1867-08-06,1935-08-13,Not Active
Port Arthur--Thunder Bay,Ontario,Thunder Bay,1925-09-05,1935-08-13,Not Active
Quebec West,Quebec,Québec Region,1867-08-06,1935-08-13,Not Active
Regina,Saskatchewan,Regina,1908-09-17,1935-08-13,Not Active
Richelieu,Quebec,,1867-08-06,1935-08-13,Not Active
Richmond--West Cape Breton,Nova Scotia,,1925-09-05,1935-08-13,Not Active
Rosetown,Saskatchewan,,1925-09-05,1935-08-13,Not Active
Saskatoon,Saskatchewan,Saskatoon,1908-09-17,1935-08-13,Not Active
Shelburne--Yarmouth,Nova Scotia,,1925-09-05,1935-08-13,Not Active
South Battleford,Saskatchewan,,1925-09-05,1935-08-13,Not Active
St. Antoine,Quebec,,1896-04-24,1935-08-13,Not Active
St. Henri,Quebec,,1925-09-05,1935-08-13,Not Active
St. Hyacinthe--Rouville,Quebec,,1917-10-06,1935-08-13,Not Active
St. Johns--Iberville,Quebec,,1896-04-24,1935-08-13,Not Active
Three Rivers--St. Maurice,Quebec,,1925-09-05,1935-08-13,Not Active
Timiskaming North,Ontario,,1925-09-05,1935-08-13,Not Active
Timiskaming South,Ontario,,1925-09-05,1935-08-13,Not Active
Toronto East,Ontario,Toronto (City),1867-08-06,1935-08-13,Not Active
Toronto East Centre,Ontario,Toronto (City),1925-09-05,1935-08-13,Not Active
Toronto Northeast,Ontario,Toronto (City),1925-09-05,1935-08-13,Not Active
Toronto Northwest,Ontario,Toronto (City),1925-09-05,1935-08-13,Not Active
Toronto South,Ontario,Toronto (City),1904-09-20,1935-08-13,Not Active
Toronto West Centre,Ontario,Toronto (City),1925-09-05,1935-08-13,Not Active
Toronto--High Park,Ontario,Toronto (City),1925-09-05,1935-08-13,Not Active
Toronto--Scarborough,Ontario,Scarborough,1925-09-05,1935-08-13,Not Active
Willow Bunch,Saskatchewan,,1925-09-05,1935-08-13,Not Active
Yamaska,Quebec,,1867-08-06,1935-08-13,Not Active
Argenteuil,Quebec,,1867-08-06,1949-04-29,Not Active
Beauharnois--Laprairie,Quebec,,1935-08-14,1949-04-29,Not Active
Brant,Ontario,,1904-09-20,1949-04-29,Not Active
Brantford City,Ontario,,1925-09-05,1949-04-29,Not Active
Charlevoix--Saguenay,Quebec,,1925-09-05,1949-04-29,Not Active
Châteauguay--Huntingdon,Quebec,,1917-10-06,1949-04-29,Not Active
Compton,Quebec,,1867-08-06,1949-04-29,Not Active
Digby--Annapolis--Kings,Nova Scotia,,1935-08-14,1949-04-29,Not Active
Lake St-John--Roberval,Quebec,,1935-08-14,1949-04-29,Not Active
Laval--Two Mountains,Quebec,Laval,1917-10-06,1949-04-29,Not Active
Macdonald,Manitoba,,1896-04-24,1949-04-29,Not Active
Mégantic--Frontenac,Quebec,,1935-08-14,1949-04-29,Not Active
Muskoka--Ontario,Ontario,,1925-09-05,1949-04-29,Not Active
Neepawa,Manitoba,,1917-10-06,1949-04-29,Not Active
North Battleford,Saskatchewan,,1925-09-05,1949-04-29,Not Active
Outremont,Quebec,Montreal Island,1935-08-14,1949-04-29,Not Active
Parry Sound,Ontario,,1904-09-20,1949-04-29,Not Active
Pontiac,Quebec,,1867-08-06,1949-04-29,Not Active
Portage la Prairie,Manitoba,,1904-09-20,1949-04-29,Not Active
Quebec West and South,Quebec,Québec Region,1935-08-14,1949-04-29,Not Active
Queens--Lunenburg,Nova Scotia,,1925-09-05,1949-04-29,Not Active
Saskatoon City,Saskatchewan,Saskatoon,1935-08-14,1949-04-29,Not Active
Shelburne--Yarmouth--Clare,Nova Scotia,,1935-08-14,1949-04-29,Not Active
St-Maurice--Laflèche,Quebec,,1935-08-14,1949-04-29,Not Active
St. Ann,Quebec,,1917-10-06,1949-04-29,Not Active
St. Antoine--Westmount,Quebec,,1935-08-14,1949-04-29,Not Active
St. Boniface,Manitoba,Winnipeg,1925-09-05,1949-04-29,Not Active
St. Denis,Quebec,,1917-10-06,1949-04-29,Not Active
St. Henry,Quebec,,1935-08-14,1949-04-29,Not Active
St. Hyacinthe--Bagot,Quebec,,1935-08-14,1949-04-29,Not Active
St. James,Quebec,,1896-04-24,1949-04-29,Not Active
St. Johns--Iberville--Napierville,Quebec,,1935-08-14,1949-04-29,Not Active
St. Lawrence--St. George,Quebec,,1917-10-06,1949-04-29,Not Active
St. Mary,Quebec,,1896-04-24,1949-04-29,Not Active
Three Rivers,Quebec,,1935-08-14,1949-04-29,Not Active
Vancouver North,British Columbia,Vancouver Region,1925-09-05,1949-04-29,Not Active
Verdun,Quebec,,1935-08-14,1949-04-29,Not Active
Weyburn,Saskatchewan,,1917-10-06,1949-04-29,Not Active
Wood Mountain,Saskatchewan,,1935-08-14,1949-04-29,Not Active
Wright,Quebec,,1896-04-24,1949-04-29,Not Active
Yukon,Yukon,,1902-01-01,1949-04-29,Not Active
Swift Current,Saskatchewan,,1917-10-06,1953-02-10,Not Active
Annapolis--Kings,Nova Scotia,,1949-04-30,1953-06-12,Not Active
Battle River,Alberta,,1917-10-06,1953-06-12,Not Active
Beauharnois,Quebec,,1949-04-30,1953-06-12,Not Active
Berthier--Maskinongé,Quebec,,1925-09-05,1953-06-12,Not Active
Brandon,Manitoba,,1896-04-24,1953-06-12,Not Active
Brant--Wentworth,Ontario,,1949-04-30,1953-06-12,Not Active
Calgary East,Alberta,Calgary,1925-09-05,1953-06-12,Not Active
Calgary West,Alberta,Calgary,1917-10-06,1953-06-12,Not Active
Camrose,Alberta,,1925-09-05,1953-06-12,Not Active
Digby--Yarmouth,Nova Scotia,,1949-04-30,1953-06-12,Not Active
Frontenac--Addington,Ontario,,1925-09-05,1953-06-12,Not Active
Glengarry,Ontario,,1925-09-05,1953-06-12,Not Active
Grand Falls--White Bay,Newfoundland and Labrador,,1949-04-30,1953-06-12,Not Active
Haldimand,Ontario,,1904-09-20,1953-06-12,Not Active
Hastings--Peterborough,Ontario,,1925-09-05,1953-06-12,Not Active
Humboldt,Saskatchewan,,1908-09-17,1953-06-12,Not Active
Huron North,Ontario,,1917-10-06,1953-06-12,Not Active
Huron--Perth,Ontario,,1935-08-14,1953-06-12,Not Active
Jacques Cartier,Quebec,,1867-08-06,1953-06-12,Not Active
Kingston City,Ontario,,1925-09-05,1953-06-12,Not Active
Lake Centre,Saskatchewan,,1935-08-14,1953-06-12,Not Active
Lunenburg,Nova Scotia,,1949-04-30,1953-06-12,Not Active
Maple Creek,Saskatchewan,,1917-10-06,1953-06-12,Not Active
Melfort,Saskatchewan,,1925-09-05,1953-06-12,Not Active
Moose Jaw,Saskatchewan,,1908-09-17,1953-06-12,Not Active
Norquay,Manitoba,,1949-04-30,1953-06-12,Not Active
Peterborough West,Ontario,,1867-08-06,1953-06-12,Not Active
Prescott,Ontario,,1867-08-06,1953-06-12,Not Active
Queens--Shelburne,Nova Scotia,,1949-04-30,1953-06-12,Not Active
Souris,Manitoba,,1904-09-20,1953-06-12,Not Active
St-Denis,Quebec,Montreal Island,1949-04-30,1953-06-12,Not Active
St-Henri,Quebec,,1949-04-30,1953-06-12,Not Active
St. Ann,Quebec,,1949-04-30,1953-06-12,Not Active
St. Antoine--Westmount,Quebec,,1949-04-30,1953-06-12,Not Active
St. Boniface,Manitoba,Winnipeg,1949-04-30,1953-06-12,Not Active
St. James,Quebec,,1949-04-30,1953-06-12,Not Active
St. John's East,Newfoundland and Labrador,St. John's (NF),1949-04-30,1953-06-12,Not Active
St. John's West,Newfoundland and Labrador,St. John's (NF),1949-04-30,1953-06-12,Not Active
St. Lawrence--St. George,Quebec,,1949-04-30,1953-06-12,Not Active
St. Mary,Quebec,,1949-04-30,1953-06-12,Not Active
Verdun--La Salle,Quebec,,1949-04-30,1953-06-12,Not Active
Wellington North,Ontario,,1867-08-06,1953-06-12,Not Active
Yale,British Columbia,,1917-10-06,1953-06-12,Not Active
Yukon--Mackenzie River,Northwest Territories,,1949-04-30,1953-06-12,Not Active
Northumberland,New Brunswick,,1867-08-06,1955-03-23,Not Active
Témiscouata,Quebec,,1867-08-06,1959-06-03,Not Active
Humboldt--Melfort,Saskatchewan,,1953-06-13,1961-05-31,Not Active
Mackenzie River,Northwest Territories,,1953-06-13,1962-04-07,Not Active
Nanaimo,British Columbia,,1904-09-20,1962-04-07,Not Active
Acadia,Alberta,,1925-09-05,1968-04-22,Not Active
Algoma East,Ontario,,1904-09-20,1968-04-22,Not Active
Algoma West,Ontario,,1904-09-20,1968-04-22,Not Active
Antigonish--Guysborough,Nova Scotia,,1917-10-06,1968-04-22,Not Active
Argenteuil--Deux-Montagnes,Quebec,,1949-04-30,1968-04-22,Not Active
Athabaska,Alberta,,1925-09-05,1968-04-22,Not Active
Battle River--Camrose,Alberta,,1953-06-13,1968-04-22,Not Active
Beauharnois--Salaberry,Quebec,,1953-06-13,1968-04-22,Not Active
Berthier--Maskinongé--de Lanaudière,Quebec,,1953-06-13,1968-04-22,Not Active
Bonavista--Twillingate,Newfoundland and Labrador,,1949-04-30,1968-04-22,Not Active
Bow River,Alberta,,1917-10-06,1968-04-22,Not Active
Brant--Haldimand,Ontario,,1953-06-13,1968-04-22,Not Active
Brantford,Ontario,,1949-04-30,1968-04-22,Not Active
Brome--Missisquoi,Quebec,,1925-09-05,1968-04-22,Not Active
Burnaby--Coquitlam,British Columbia,,1953-06-13,1968-04-22,Not Active
Cape Breton North and Victoria,Nova Scotia,,1935-08-14,1968-04-22,Not Active
Cape Breton South,Nova Scotia,,1925-09-05,1968-04-22,Not Active
Cariboo,British Columbia,,1917-10-06,1968-04-22,Not Active
Carleton,Ontario,,1867-08-06,1968-04-22,Not Active
Cartier,Quebec,,1925-09-05,1968-04-22,Not Active
Chambly--Rouville,Quebec,,1935-08-14,1968-04-22,Not Active
Chapleau,Quebec,,1935-08-14,1968-04-22,Not Active
Charlotte,New Brunswick,,1867-08-06,1968-04-22,Not Active
Châteauguay--Huntingdon--Laprairie,Quebec,,1949-04-30,1968-04-22,Not Active
Coast-Capilano,British Columbia,,1949-04-30,1968-04-22,Not Active
Colchester--Hants,Nova Scotia,,1935-08-14,1968-04-22,Not Active
Compton--Frontenac,Quebec,,1949-04-30,1968-04-22,Not Active
Cumberland,Nova Scotia,,1867-08-06,1968-04-22,Not Active
Danforth,Ontario,,1935-08-14,1968-04-22,Not Active
Digby--Annapolis--Kings,Nova Scotia,,1953-06-13,1968-04-22,Not Active
Dorchester,Quebec,,1867-08-06,1968-04-22,Not Active
Drummond--Arthabaska,Quebec,,1867-08-06,1968-04-22,Not Active
Dufferin--Simcoe,Ontario,,1925-09-05,1968-04-22,Not Active
Durham,Ontario,,1904-09-20,1968-04-22,Not Active
Essex East,Ontario,,1925-09-05,1968-04-22,Not Active
Essex South,Ontario,,1882-05-17,1968-04-22,Not Active
Essex West,Ontario,,1925-09-05,1968-04-22,Not Active
Fraser Valley,British Columbia,,1919-04-03,1968-04-22,Not Active
Grenville--Dundas,Ontario,,1925-09-05,1968-04-22,Not Active
Grey North,Ontario,,1867-08-06,1968-04-22,Not Active
Grey--Bruce,Ontario,,1935-08-14,1968-04-22,Not Active
Hamilton South,Ontario,Hamilton,1953-06-13,1968-04-22,Not Active
Hastings South,Ontario,,1925-09-05,1968-04-22,Not Active
Hastings--Frontenac,Ontario,,1953-06-13,1968-04-22,Not Active
Humber--St. George's,Newfoundland and Labrador,,1949-04-30,1968-04-22,Not Active
Humboldt--Melfort--Tisdale,Saskatchewan,,1961-06-01,1968-04-22,Not Active
Îles-de-la-Madeleine,Quebec,,1949-04-30,1968-04-22,Not Active
Inverness--Richmond,Nova Scotia,,1935-08-14,1968-04-22,Not Active
Jacques-Cartier--Lasalle,Quebec,,1953-06-13,1968-04-22,Not Active
Jasper--Edson,Alberta,,1935-08-14,1968-04-22,Not Active
Joliette--l'Assomption--Montcalm,Quebec,,1935-08-14,1968-04-22,Not Active
Kamloops,British Columbia,,1935-08-14,1968-04-22,Not Active
Kent,New Brunswick,,1867-08-06,1968-04-22,Not Active
Kent,Ontario,,1917-10-06,1968-04-22,Not Active
Kindersley,Saskatchewan,,1917-10-06,1968-04-22,Not Active
King's,Prince Edward Island,,1896-04-24,1968-04-22,Not Active
Kingston,Ontario,,1953-06-13,1968-04-22,Not Active
Kootenay East,British Columbia,,1917-10-06,1968-04-22,Not Active
Lambton West,Ontario,,1882-05-17,1968-04-22,Not Active
Lanark,Ontario,,1917-10-06,1968-04-22,Not Active
London,Ontario,London,1867-08-06,1968-04-22,Not Active
Macleod,Alberta,,1908-09-17,1968-04-22,Not Active
Maisonneuve--Rosemont,Quebec,,1935-08-14,1968-04-22,Not Active
Matapédia--Matane,Quebec,,1935-08-14,1968-04-22,Not Active
Mégantic,Quebec,,1949-04-30,1968-04-22,Not Active
Melville,Saskatchewan,,1925-09-05,1968-04-22,Not Active
Middlesex East,Ontario,,1867-08-06,1968-04-22,Not Active
Middlesex West,Ontario,,1867-08-06,1968-04-22,Not Active
Montmagny--l'Islet,Quebec,,1935-08-14,1968-04-22,Not Active
Moose Jaw--Lake Centre,Saskatchewan,,1953-06-13,1968-04-22,Not Active
Moose Mountain,Saskatchewan,,1949-04-30,1968-04-22,Not Active
Mount Royal,Quebec,Montreal Island,1925-09-05,1968-04-22,Not Active
Nicolet--Yamaska,Quebec,,1935-08-14,1968-04-22,Not Active
Norfolk,Ontario,,1935-08-14,1968-04-22,Not Active
Northumberland,Ontario,,1917-10-06,1968-04-22,Not Active
Okanagan--Revelstoke,British Columbia,,1953-06-13,1968-04-22,Not Active
Outremont--St-Jean,Quebec,,1949-04-30,1968-04-22,Not Active
Peel,Ontario,,1867-08-06,1968-04-22,Not Active
Pictou,Nova Scotia,,1867-08-06,1968-04-22,Not Active
Pontiac--Témiscamingue,Quebec,,1949-04-30,1968-04-22,Not Active
Portage--Neepawa,Manitoba,,1949-04-30,1968-04-22,Not Active
Prince,Prince Edward Island,,1904-09-20,1968-04-22,Not Active
Prince Edward--Lennox,Ontario,,1925-09-05,1968-04-22,Not Active
Qu'Appelle,Saskatchewan,,1908-09-17,1968-04-22,Not Active
Quebec East,Quebec,Québec Region,1867-08-06,1968-04-22,Not Active
Quebec South,Quebec,Québec Region,1917-10-06,1968-04-22,Not Active
Quebec West,Quebec,Québec Region,1949-04-30,1968-04-22,Not Active
Québec--Montmorency,Quebec,Québec Region,1925-09-05,1968-04-22,Not Active
Queen's,Prince Edward Island,,1904-09-20,1968-04-22,Not Active
Queens--Lunenburg,Nova Scotia,,1953-06-13,1968-04-22,Not Active
Regina City,Saskatchewan,Regina,1935-08-14,1968-04-22,Not Active
Renfrew South,Ontario,,1867-08-06,1968-04-22,Not Active
Restigouche--Madawaska,New Brunswick,,1917-10-06,1968-04-22,Not Active
Richelieu--Verchères,Quebec,,1935-08-14,1968-04-22,Not Active
Richmond--Wolfe,Quebec,,1867-08-06,1968-04-22,Not Active
Rivière-du-Loup--Témiscouata,Quebec,,1959-06-04,1968-04-22,Not Active
Rosetown--Biggar,Saskatchewan,,1935-08-14,1968-04-22,Not Active
Rosthern,Saskatchewan,,1935-08-14,1968-04-22,Not Active
Royal,New Brunswick,,1917-10-06,1968-04-22,Not Active
Russell,Ontario,,1867-08-06,1968-04-22,Not Active
Saguenay,Quebec,,1949-04-30,1968-04-22,Not Active
Saint-Antoine--Westmount,Quebec,,1953-06-13,1968-04-22,Not Active
Saint-Hyacinthe--Bagot,Quebec,,1949-04-30,1968-04-22,Not Active
Saint-Jean--Iberville--Napierville,Quebec,,1949-04-30,1968-04-22,Not Active
Saint-Maurice--Laflèche,Quebec,,1949-04-30,1968-04-22,Not Active
Saskatoon,Saskatchewan,Saskatoon,1949-04-30,1968-04-22,Not Active
Shelburne--Yarmouth--Clare,Nova Scotia,,1953-06-13,1968-04-22,Not Active
Simcoe East,Ontario,,1882-05-17,1968-04-22,Not Active
Springfield,Manitoba,,1917-10-06,1968-04-22,Not Active
St. Ann,Quebec,,1953-06-13,1968-04-22,Not Active
St. John--Albert,New Brunswick,,1917-10-06,1968-04-22,Not Active
St. Lawrence--St. George,Quebec,,1953-06-13,1968-04-22,Not Active
St. Paul's,Ontario,Toronto (City),1935-08-14,1968-04-22,Not Active
Stanstead,Quebec,,1867-08-06,1968-04-22,Not Active
Stormont,Ontario,,1925-09-05,1968-04-22,Not Active
The Battlefords,Saskatchewan,,1935-08-14,1968-04-22,Not Active
Trinity--Conception,Newfoundland and Labrador,,1949-04-30,1968-04-22,Not Active
Vancouver--Burrard,British Columbia,Vancouver Region,1925-09-05,1968-04-22,Not Active
Vaudreuil--Soulanges,Quebec,Montreal Region,1917-10-06,1968-04-22,Not Active
Victoria,Ontario,,1904-09-20,1968-04-22,Not Active
Victoria--Carleton,New Brunswick,,1917-10-06,1968-04-22,Not Active
Waterloo North,Ontario,Kitchener-Waterloo,1867-08-06,1968-04-22,Not Active
Waterloo South,Ontario,Kitchener-Waterloo,1867-08-06,1968-04-22,Not Active
Wellington South,Ontario,,1867-08-06,1968-04-22,Not Active
Wellington--Huron,Ontario,,1953-06-13,1968-04-22,Not Active
Wentworth,Ontario,,1904-09-20,1968-04-22,Not Active
Westmorland,New Brunswick,,1867-08-06,1968-04-22,Not Active
York--Humber,Ontario,Toronto (City),1953-06-13,1968-04-22,Not Active
Yorkton,Saskatchewan,,1925-09-05,1968-04-22,Not Active
Argenteuil,Quebec,,1968-04-23,1970-06-25,Not Active
Burnaby--Richmond,British Columbia,,1949-04-30,1970-06-25,Not Active
Glengarry--Prescott,Ontario,,1953-06-13,1970-06-25,Not Active
Lanark and Renfrew,Ontario,,1968-04-23,1970-06-25,Not Active
Maisonneuve,Quebec,,1968-04-23,1970-06-25,Not Active
Missisquoi,Quebec,,1968-04-23,1970-06-25,Not Active
Perth,Ontario,,1935-08-14,1970-06-25,Not Active
Sarnia,Ontario,,1968-04-23,1970-06-25,Not Active
Wellington--Grey,Ontario,,1968-04-23,1970-06-25,Not Active
Beauharnois,Quebec,,1968-04-23,1971-03-10,Not Active
Bonaventure,Quebec,,1867-08-06,1971-03-10,Not Active
Bourassa,Quebec,Montreal Island,1968-04-23,1971-03-10,Not Active
Lakeshore,Ontario,Toronto (City),1968-04-23,1971-03-10,Not Active
Surrey,British Columbia,Vancouver Region,1968-04-23,1971-03-10,Not Active
Essex,Ontario,,1968-04-23,1972-03-28,Not Active
High Park,Ontario,Toronto (City),1935-08-14,1972-03-28,Not Active
Renfrew North,Ontario,,1867-08-06,1972-03-28,Not Active
Témiscouata,Quebec,,1968-04-23,1972-03-28,Not Active
Trois-Rivières,Quebec,,1949-04-30,1972-03-28,Not Active
Lachine,Quebec,,1968-04-23,1973-03-28,Not Active
Waterloo,Ontario,Kitchener-Waterloo,1968-04-23,1973-03-28,Not Active
Middlesex,Ontario,,1968-04-23,1973-05-06,Not Active
Peel South,Ontario,,1968-04-23,1973-12-04,Not Active
Lasalle,Quebec,,1968-04-23,1973-12-11,Not Active
Ottawa East,Ontario,,1935-08-14,1973-12-11,Not Active
Huron,Ontario,,1953-06-13,1974-05-06,Not Active
Bruce,Ontario,,1935-08-14,1975-03-12,Not Active
Lafontaine,Quebec,,1949-04-30,1975-03-12,Not Active
Berthier,Quebec,,1968-04-23,1975-03-14,Not Active
Mille-Iles,Quebec,,1977-01-01,1977-01-01,Not Active
Prince Edward,Ontario,,1978-01-01,1978-01-01,Not Active
Maisonneuve,Quebec,,1979-01-01,1979-01-01,Not Active
Ahuntsic,Quebec,Montreal Island,1968-04-23,1979-03-25,Not Active
Annapolis Valley,Nova Scotia,,1968-04-23,1979-03-25,Not Active
Argenteuil--Deux-Montagnes,Quebec,,1970-06-26,1979-03-25,Not Active
Battle River,Alberta,,1968-04-23,1979-03-25,Not Active
Battleford--Kindersley,Saskatchewan,,1968-04-23,1979-03-25,Not Active
Beauharnois--Salaberry,Quebec,,1971-03-11,1979-03-25,Not Active
Broadview,Ontario,Toronto (City),1935-08-14,1979-03-25,Not Active
Brome--Missisquoi,Quebec,,1970-06-26,1979-03-25,Not Active
Burin--Burgeo,Newfoundland and Labrador,,1949-04-30,1979-03-25,Not Active
Burnaby--Richmond--Delta,British Columbia,,1970-06-26,1979-03-25,Not Active
Burnaby--Seymour,British Columbia,,1968-04-23,1979-03-25,Not Active
Cape Breton--East Richmond,Nova Scotia,,1968-04-23,1979-03-25,Not Active
Coast Chilcotin,British Columbia,,1968-04-23,1979-03-25,Not Active
Cochrane,Ontario,,1935-08-14,1979-03-25,Not Active
Comox--Alberni,British Columbia,,1917-10-06,1979-03-25,Not Active
Compton,Quebec,,1968-04-23,1979-03-25,Not Active
Cumberland--Colchester North,Nova Scotia,,1968-04-23,1979-03-25,Not Active
Don Valley,Ontario,Toronto (City),1968-04-23,1979-03-25,Not Active
Edmonton Centre,Alberta,Edmonton,1968-04-23,1979-03-25,Not Active
Eglinton,Ontario,Toronto (City),1935-08-14,1979-03-25,Not Active
Etobicoke,Ontario,Toronto (City),1968-04-23,1979-03-25,Not Active
Fort William,Ontario,,1925-09-05,1979-03-25,Not Active
Frontenac--Lennox and Addington,Ontario,,1968-04-23,1979-03-25,Not Active
Greenwood,Ontario,Toronto (City),1935-08-14,1979-03-25,Not Active
Grenville--Carleton,Ontario,,1968-04-23,1979-03-25,Not Active
Halifax--East Hants,Nova Scotia,Halifax,1968-04-23,1979-03-25,Not Active
Halton--Wentworth,Ontario,,1968-04-23,1979-03-25,Not Active
Hastings,Ontario,,1968-04-23,1979-03-25,Not Active
High Park--Humber Valley,Ontario,Toronto (City),1972-03-29,1979-03-25,Not Active
Hochelaga,Quebec,,1867-08-06,1979-03-25,Not Active
Humber--St. George's--St. Barbe,Newfoundland and Labrador,,1968-04-23,1979-03-25,Not Active
Huron--Middlesex,Ontario,,1974-05-07,1979-03-25,Not Active
Kamloops--Cariboo,British Columbia,,1968-04-23,1979-03-25,Not Active
Kamouraska,Quebec,,1867-08-06,1979-03-25,Not Active
Kent--Essex,Ontario,,1968-04-23,1979-03-25,Not Active
Lachine--Lakeshore,Quebec,,1973-03-29,1979-03-25,Not Active
Lafontaine--Rosemont,Quebec,,1975-03-13,1979-03-25,Not Active
Lambton--Kent,Ontario,,1935-08-14,1979-03-25,Not Active
Lapointe,Quebec,,1949-04-30,1979-03-25,Not Active
Lasalle--Émard--Côte Saint-Paul,Quebec,,1973-12-12,1979-03-25,Not Active
Laval,Quebec,Laval,1949-04-30,1979-03-25,Not Active
Leeds,Ontario,,1904-09-20,1979-03-25,Not Active
Lethbridge,Alberta,,1917-10-06,1979-03-25,Not Active
Maisonneuve--Rosemont,Quebec,,1970-06-26,1979-03-25,Not Active
Marquette,Manitoba,,1871-05-01,1979-03-25,Not Active
Matane,Quebec,,1968-04-23,1979-03-25,Not Active
Meadow Lake,Saskatchewan,,1949-04-30,1979-03-25,Not Active
Middlesex--London--Lambton,Ontario,London,1974-05-07,1979-03-25,Not Active
Mississauga,Ontario,Mississauga-Brampton,1973-12-05,1979-03-25,Not Active
Montreal--Bourassa,Quebec,,1971-03-11,1979-03-25,Not Active
Nanaimo--Cowichan--The Islands,British Columbia,,1962-04-18,1979-03-25,Not Active
New Westminster,British Columbia,,1872-07-08,1979-03-25,Not Active
Norfolk--Haldimand,Ontario,,1968-04-23,1979-03-25,Not Active
Northumberland--Durham,Ontario,,1968-04-23,1979-03-25,Not Active
Northwest Territories,Northwest Territories,,1962-03-23,1979-03-25,Not Active
Okanagan Boundary,British Columbia,,1953-06-13,1979-03-25,Not Active
Okanagan--Kootenay,British Columbia,,1968-04-23,1979-03-25,Not Active
Oshawa--Whitby,Ontario,,1967-11-06,1979-03-25,Not Active
Palliser,Alberta,Regina,1968-04-23,1979-03-25,Not Active
Parkdale,Ontario,Toronto (City),1917-10-06,1979-03-25,Not Active
Peel--Dufferin--Simcoe,Ontario,,1967-11-06,1979-03-25,Not Active
Perth--Wilmot,Ontario,,1970-06-26,1979-03-25,Not Active
Pontiac,Quebec,,1968-04-23,1979-03-25,Not Active
Port Arthur,Ontario,,1935-08-14,1979-03-25,Not Active
Portage,Manitoba,,1968-04-23,1979-03-25,Not Active
Prince Edward--Hastings,Ontario,,1968-04-23,1979-03-25,Not Active
Prince George--Peace River,British Columbia,,1968-04-23,1979-03-25,Not Active
Regina East,Saskatchewan,Regina,1968-04-23,1979-03-25,Not Active
Regina--Lake Centre,Saskatchewan,Regina,1968-04-23,1979-03-25,Not Active
Renfrew North--Nipissing East,Ontario,,1972-03-29,1979-03-25,Not Active
Rivière-du-Loup--Témiscouata,Quebec,,1972-03-29,1979-03-25,Not Active
Rocky Mountain,Alberta,,1968-04-23,1979-03-25,Not Active
Saint John--Lancaster,New Brunswick,,1968-04-23,1979-03-25,Not Active
Saint-Henri,Quebec,,1953-06-13,1979-03-25,Not Active
Saint-Jacques,Quebec,,1953-06-13,1979-03-25,Not Active
Sainte-Marie,Quebec,,1953-06-13,1979-03-25,Not Active
Sarnia--Lambton,Ontario,,1970-06-26,1979-03-25,Not Active
Saskatoon--Biggar,Saskatchewan,Saskatoon,1968-04-23,1979-03-25,Not Active
Saskatoon--Humboldt,Saskatchewan,Saskatoon,1968-04-23,1979-03-25,Not Active
Selkirk,Manitoba,,1871-05-01,1979-03-25,Not Active
South Western Nova,Nova Scotia,,1968-04-23,1979-03-25,Not Active
Surrey--White Rock,British Columbia,Vancouver Region,1971-03-11,1979-03-25,Not Active
Thunder Bay,Ontario,Thunder Bay,1968-04-23,1979-03-25,Not Active
Timmins,Ontario,,1949-04-30,1979-03-25,Not Active
Toronto--Lakeshore,Ontario,Toronto (City),1971-03-11,1979-03-25,Not Active
Trois-Rivières Métropolitain,Quebec,,1972-03-29,1979-03-25,Not Active
Villeneuve,Quebec,,1949-04-30,1979-03-25,Not Active
Waterloo--Cambridge,Ontario,Kitchener-Waterloo,1973-03-29,1979-03-25,Not Active
Wellington,Ontario,,1968-04-23,1979-03-25,Not Active
Wellington--Grey--Dufferin--Waterloo,Ontario,Kitchener-Waterloo,1970-06-26,1979-03-25,Not Active
Westmount,Quebec,,1968-04-23,1979-03-25,Not Active
Winnipeg South,Manitoba,Winnipeg,1917-10-06,1979-03-25,Not Active
Winnipeg South Centre,Manitoba,Winnipeg,1925-09-05,1979-03-25,Not Active
York South,Ontario,Toronto (City),1904-09-20,1979-03-25,Not Active
York--Simcoe,Ontario,Toronto (City),1968-04-23,1979-03-25,Not Active
Humber--St. Barbe,Newfoundland and Labrador,,1979-03-26,1979-03-27,Not Active
Argenteuil,Quebec,,1979-03-26,1981-01-16,Not Active
Berthier--Maskinongé,Quebec,,1975-03-13,1981-01-16,Not Active
Cochrane,Ontario,,1979-03-26,1981-01-16,Not Active
Hastings--Frontenac,Ontario,,1979-03-26,1981-01-16,Not Active
Laprairie,Quebec,,1968-04-23,1981-01-16,Not Active
Mercier,Quebec,Montreal Island,1935-08-14,1981-01-16,Not Active
Montmorency,Quebec,,1968-04-23,1981-01-16,Not Active
Notre-Dame-de-Grâce,Quebec,,1949-04-30,1981-01-16,Not Active
Richmond,Quebec,,1968-04-23,1981-01-16,Not Active
Rimouski,Quebec,,1867-08-06,1981-01-16,Not Active
Saint-Hyacinthe,Quebec,,1968-04-23,1981-01-16,Not Active
Sainte-Marie,Quebec,,1979-03-26,1981-01-16,Not Active
Sarnia,Ontario,,1979-03-26,1981-01-16,Not Active
Verdun,Quebec,,1953-06-13,1981-01-16,Not Active
Dauphin,Manitoba,,1904-09-20,1983-05-10,Not Active
Hull,Quebec,,1917-10-06,1984-07-08,Not Active
Missisquoi,Quebec,,1979-03-26,1984-07-08,Not Active
Saint-Michel,Quebec,,1968-04-23,1984-07-08,Not Active
Assiniboia,Saskatchewan,,1908-09-17,1988-09-30,Not Active
Beaches,Ontario,Toronto (City),1979-03-26,1988-09-30,Not Active
Berthier--Maskinongé--Lanaudière,Quebec,,1981-01-17,1988-09-30,Not Active
Bow River,Alberta,,1979-03-26,1988-09-30,Not Active
Brampton--Georgetown,Ontario,Mississauga-Brampton,1979-03-26,1988-09-30,Not Active
Burnaby,British Columbia,,1979-03-26,1988-09-30,Not Active
Calgary East,Alberta,Calgary,1979-03-26,1988-09-30,Not Active
Calgary South,Alberta,Calgary,1953-06-13,1988-09-30,Not Active
Cape Breton--The Sydneys,Nova Scotia,,1968-04-23,1988-09-30,Not Active
Capilano,British Columbia,,1968-04-23,1988-09-30,Not Active
Comox--Powell River,British Columbia,,1979-03-26,1988-09-30,Not Active
Cowichan--Malahat--The Islands,British Columbia,,1979-03-26,1988-09-30,Not Active
Dartmouth--Halifax East,Nova Scotia,Halifax,1968-04-23,1988-09-30,Not Active
Dollard,Quebec,,1953-06-13,1988-09-30,Not Active
Durham--Northumberland,Ontario,,1979-03-26,1988-09-30,Not Active
Edmonton South,Alberta,Edmonton,1979-03-26,1988-09-30,Not Active
Edmonton West,Alberta,Edmonton,1917-10-06,1988-09-30,Not Active
Esquimalt--Saanich,British Columbia,,1953-06-13,1988-09-30,Not Active
Gamelin,Quebec,,1968-04-23,1988-09-30,Not Active
Gander--Twillingate,Newfoundland and Labrador,,1968-04-23,1988-09-30,Not Active
Gatineau,Quebec,,1949-04-30,1988-09-30,Not Active
Grand Falls--White Bay--Labrador,Newfoundland and Labrador,,1953-06-13,1988-09-30,Not Active
Grey--Simcoe,Ontario,,1968-04-23,1988-09-30,Not Active
Guelph,Ontario,,1979-03-26,1988-09-30,Not Active
Halton,Ontario,,1867-08-06,1988-09-30,Not Active
Humber--Port au Port--St. Barbe,Newfoundland and Labrador,,1979-03-26,1988-09-30,Not Active
Humboldt--Lake Centre,Saskatchewan,,1979-03-26,1988-09-30,Not Active
Kamloops--Shuswap,British Columbia,,1979-03-26,1988-09-30,Not Active
Kootenay East--Revelstoke,British Columbia,,1979-03-26,1988-09-30,Not Active
Kootenay West,British Columbia,,1917-10-06,1988-09-30,Not Active
Labelle,Quebec,,1896-04-24,1988-09-30,Not Active
Lachine,Quebec,,1979-03-26,1988-09-30,Not Active
Lanark--Renfrew--Carleton,Ontario,,1970-06-26,1988-09-30,Not Active
Lasalle,Quebec,,1979-03-26,1988-09-30,Not Active
Laurier,Quebec,,1935-08-14,1988-09-30,Not Active
Lethbridge--Foothills,Alberta,,1979-03-26,1988-09-30,Not Active
Lisgar,Manitoba,,1871-05-01,1988-09-30,Not Active
Mission--Port Moody,British Columbia,,1979-03-26,1988-09-30,Not Active
Mississauga North,Ontario,Mississauga-Brampton,1979-03-26,1988-09-30,Not Active
Montreal--Mercier,Quebec,,1981-01-17,1988-09-30,Not Active
Montreal--Sainte Marie,Quebec,,1981-01-17,1988-09-30,Not Active
Moose Jaw,Saskatchewan,,1968-04-23,1988-09-30,Not Active
Mount Royal,Quebec,Montreal Island,1968-04-23,1988-09-30,Not Active
Nanaimo--Alberni,British Columbia,,1979-03-26,1988-09-30,Not Active
Nepean--Carleton,Ontario,,1979-03-26,1988-09-30,Not Active
New Westminster--Coquitlam,British Columbia,,1979-03-26,1988-09-30,Not Active
North Vancouver--Burnaby,British Columbia,Vancouver Region,1979-03-26,1988-09-30,Not Active
Northumberland--Miramichi,New Brunswick,,1955-03-24,1988-09-30,Not Active
Notre-Dame-de-Grâce--Lachine East,Quebec,,1981-01-17,1988-09-30,Not Active
Okanagan North,British Columbia,,1979-03-26,1988-09-30,Not Active
Okanagan--Similkameen,British Columbia,,1979-03-26,1988-09-30,Not Active
Ottawa--Carleton,Ontario,,1968-04-23,1988-09-30,Not Active
Papineau,Quebec,,1949-04-30,1988-09-30,Not Active
Pembina,Alberta,,1968-04-23,1988-09-30,Not Active
Perth,Ontario,,1979-03-26,1988-09-30,Not Active
Portage--Marquette,Manitoba,,1979-03-26,1988-09-30,Not Active
Prince Albert,Saskatchewan,,1908-09-17,1988-09-30,Not Active
Qu'Appelle--Moose Mountain,Saskatchewan,,1968-04-23,1988-09-30,Not Active
Regina East,Saskatchewan,Regina,1979-03-26,1988-09-30,Not Active
Regina West,Saskatchewan,Regina,1979-03-26,1988-09-30,Not Active
Renfrew--Nipissing--Pembroke,Ontario,,1979-03-26,1988-09-30,Not Active
Richmond--South Delta,British Columbia,,1979-03-26,1988-09-30,Not Active
Saint John,New Brunswick,,1979-03-26,1988-09-30,Not Active
Saint-Jacques,Quebec,,1979-03-26,1988-09-30,Not Active
Saint-Léonard--Anjou,Quebec,,1979-03-26,1988-09-30,Not Active
Saint-Michel--Ahuntsic,Quebec,,1984-07-09,1988-09-30,Not Active
Saskatoon East,Saskatchewan,Saskatoon,1979-03-26,1988-09-30,Not Active
Saskatoon West,Saskatchewan,Saskatoon,1979-03-26,1988-09-30,Not Active
Sault Ste. Marie,Ontario,,1968-04-23,1988-09-30,Not Active
Selkirk--Interlake,Manitoba,,1979-03-26,1988-09-30,Not Active
Simcoe South,Ontario,,1979-03-26,1988-09-30,Not Active
Spadina,Ontario,Toronto (City),1935-08-14,1988-09-30,Not Active
St. John's East,Newfoundland and Labrador,St. John's (NF),1953-06-13,1988-09-30,Not Active
St. John's West,Newfoundland and Labrador,St. John's (NF),1953-06-13,1988-09-30,Not Active
Surrey--White Rock--North Delta,British Columbia,Vancouver Region,1979-03-26,1988-09-30,Not Active
Swift Current--Maple Creek,Saskatchewan,,1953-02-11,1988-09-30,Not Active
Trinity,Ontario,Toronto (City),1935-08-14,1988-09-30,Not Active
Vancouver Kingsway,British Columbia,Vancouver Region,1953-06-13,1988-09-30,Not Active
Welland,Ontario,,1867-08-06,1988-09-30,Not Active
Wellington--Dufferin--Simcoe,Ontario,,1979-03-26,1988-09-30,Not Active
Westmorland--Kent,New Brunswick,,1968-04-23,1988-09-30,Not Active
Windsor--Walkerville,Ontario,Windsor,1968-04-23,1988-09-30,Not Active
Winnipeg--Assiniboine,Manitoba,Winnipeg,1979-03-26,1988-09-30,Not Active
Winnipeg--Birds Hill,Manitoba,Winnipeg,1979-03-26,1988-09-30,Not Active
Winnipeg--Fort Garry,Manitoba,Winnipeg,1979-03-26,1988-09-30,Not Active
York East,Ontario,Toronto (City),1935-08-14,1988-09-30,Not Active
York--Peel,Ontario,Toronto (City),1979-03-26,1988-09-30,Not Active
York--Scarborough,Ontario,Scarborough,1953-06-13,1988-09-30,Not Active
York--Sunbury,New Brunswick,,1917-10-06,1988-09-30,Not Active
Fredericton,New Brunswick,,1988-10-01,1989-12-28,Not Active
Markham,Ontario,,1988-10-01,1989-12-28,Not Active
Renfrew,Ontario,,1988-10-01,1989-12-28,Not Active
Restigouche,New Brunswick,,1968-04-23,1989-12-28,Not Active
Saint-Laurent,Quebec,,1988-10-01,1989-12-28,Not Active
Windsor--Lake St. Clair,Ontario,,1988-10-01,1989-12-28,Not Active
Brampton--Malton,Ontario,,1988-10-01,1990-12-18,Not Active
Duvernay,Quebec,,1968-04-23,1990-12-18,Not Active
Elgin,Ontario,,1935-08-14,1990-12-18,Not Active
Gloucester,New Brunswick,,1867-08-06,1990-12-18,Not Active
Langelier,Quebec,,1968-04-23,1990-12-18,Not Active
Laval,Quebec,Laval,1979-03-26,1990-12-18,Not Active
Laval-des-Rapides,Quebec,Laval,1979-03-26,1990-12-18,Not Active
Montmorency--Orléans,Quebec,,1981-01-17,1990-12-18,Not Active
Selkirk,Manitoba,,1988-10-01,1990-12-18,Not Active
Surrey--White Rock,British Columbia,Vancouver Region,1988-10-01,1990-12-18,Not Active
Timiskaming,Ontario,,1935-08-14,1993-03-28,Not Active
Bellechasse--Montmagny--L'Islet,Quebec,,1997-01-01,1997-01-01,Not Active
Lachine--Notre-Dame-de-Grâce,Quebec,Montreal Island,1996-01-01,1997-01-01,Not Active
Winnipeg--St. Paul,Manitoba,Winnipeg,1996-01-01,1997-01-01,Not Active
Algoma,Ontario,,1968-04-23,1997-04-26,Not Active
Annapolis Valley--Hants,Nova Scotia,,1979-03-26,1997-04-26,Not Active
Beaches--Woodbine,Ontario,Toronto (City),1988-10-01,1997-04-26,Not Active
Beauséjour,New Brunswick,,1988-10-01,1997-04-26,Not Active
Beaver River,Alberta,,1988-10-01,1997-04-26,Not Active
Bellechasse,Quebec,,1867-08-06,1997-04-26,Not Active
Blainville--Deux-Montagnes,Quebec,,1979-03-26,1997-04-26,Not Active
Bonaventure--Îles-de-la-Madeleine,Quebec,,1971-03-11,1997-04-26,Not Active
Brampton,Ontario,Mississauga-Brampton,1988-10-01,1997-04-26,Not Active
Burin--St. George's,Newfoundland and Labrador,,1979-03-26,1997-04-26,Not Active
Burnaby--Kingsway,British Columbia,,1988-10-01,1997-04-26,Not Active
Calgary North,Alberta,Calgary,1953-06-13,1997-04-26,Not Active
Cape Breton Highlands--Canso,Nova Scotia,,1968-04-23,1997-04-26,Not Active
Cape Breton--East Richmond,Nova Scotia,,1979-03-26,1997-04-26,Not Active
Cape Breton--The Sydneys,Nova Scotia,,1988-10-01,1997-04-26,Not Active
Capilano--Howe Sound,British Columbia,,1988-10-01,1997-04-26,Not Active
Carleton--Charlotte,New Brunswick,,1968-04-23,1997-04-26,Not Active
Carleton--Gloucester,Ontario,,1988-10-01,1997-04-26,Not Active
Central Nova,Nova Scotia,,1968-04-23,1997-04-26,Not Active
Cochrane--Superior,Ontario,,1981-01-17,1997-04-26,Not Active
Comox--Alberni,British Columbia,,1988-10-01,1997-04-26,Not Active
Delta,British Columbia,,1988-10-01,1997-04-26,Not Active
Don Valley North,Ontario,Toronto (City),1988-10-01,1997-04-26,Not Active
Edmonton Northwest,Alberta,Edmonton,1988-10-01,1997-04-26,Not Active
Elgin--Norfolk,Ontario,,1990-12-19,1997-04-26,Not Active
Erie,Ontario,,1979-03-26,1997-04-26,Not Active
Essex--Kent,Ontario,,1979-03-26,1997-04-26,Not Active
Essex--Windsor,Ontario,Windsor,1972-03-29,1997-04-26,Not Active
Fraser Valley East,British Columbia,,1968-04-23,1997-04-26,Not Active
Fraser Valley West,British Columbia,,1968-04-23,1997-04-26,Not Active
Fredericton--York--Sunbury,New Brunswick,,1989-12-29,1997-04-26,Not Active
Frontenac,Quebec,,1968-04-23,1997-04-26,Not Active
Gaspé,Quebec,,1867-08-06,1997-04-26,Not Active
Gatineau--La Lièvre,Quebec,,1988-10-01,1997-04-26,Not Active
Haldimand--Norfolk,Ontario,,1979-03-26,1997-04-26,Not Active
Halton--Peel,Ontario,,1988-10-01,1997-04-26,Not Active
Hamilton--Wentworth,Ontario,Hamilton,1968-04-23,1997-04-26,Not Active
Hastings--Frontenac--Lennox and Addington,Ontario,,1981-01-17,1997-04-26,Not Active
Humber--St. Barbe--Baie Verte,Newfoundland and Labrador,,1988-10-01,1997-04-26,Not Active
Kamouraska--Rivière-du-Loup,Quebec,,1979-03-26,1997-04-26,Not Active
Kent,Ontario,,1979-03-26,1997-04-26,Not Active
Kindersley--Lloydminster,Saskatchewan,,1979-03-26,1997-04-26,Not Active
Kitchener,Ontario,Kitchener-Waterloo,1968-04-23,1997-04-26,Not Active
Kootenay East,British Columbia,,1988-10-01,1997-04-26,Not Active
Kootenay West--Revelstoke,British Columbia,,1988-10-01,1997-04-26,Not Active
La Prairie,Quebec,,1981-01-17,1997-04-26,Not Active
Lachine--Lac-Saint-Louis,Quebec,,1988-10-01,1997-04-26,Not Active
Lambton--Middlesex,Ontario,,1979-03-26,1997-04-26,Not Active
Lincoln,Ontario,,1904-09-20,1997-04-26,Not Active
Lisgar--Marquette,Manitoba,,1988-10-01,1997-04-26,Not Active
London East,Ontario,London,1968-04-23,1997-04-26,Not Active
London--Middlesex,Ontario,London,1979-03-26,1997-04-26,Not Active
Mackenzie,Saskatchewan,,1908-09-17,1997-04-26,Not Active
Madawaska--Victoria,New Brunswick,,1968-04-23,1997-04-26,Not Active
Markham--Whitchurch--Stouffville,Ontario,,1989-12-29,1997-04-26,Not Active
Mégantic--Compton--Stanstead,Quebec,,1979-03-26,1997-04-26,Not Active
Mission--Coquitlam,British Columbia,,1988-10-01,1997-04-26,Not Active
Moose Jaw--Lake Centre,Saskatchewan,,1988-10-01,1997-04-26,Not Active
Nepean,Ontario,,1988-10-01,1997-04-26,Not Active
New Westminster--Burnaby,British Columbia,,1988-10-01,1997-04-26,Not Active
North Island--Powell River,British Columbia,,1988-10-01,1997-04-26,Not Active
Notre-Dame-de-Grâce,Quebec,,1988-10-01,1997-04-26,Not Active
Nunatsiaq,Northwest Territories,,1979-03-26,1997-04-26,Not Active
Oakville--Milton,Ontario,,1988-10-01,1997-04-26,Not Active
Okanagan Centre,British Columbia,,1988-10-01,1997-04-26,Not Active
Okanagan--Shuswap,British Columbia,,1988-10-01,1997-04-26,Not Active
Okanagan--Similkameen--Merritt,British Columbia,,1988-10-01,1997-04-26,Not Active
Ontario,Ontario,,1925-09-05,1997-04-26,Not Active
Ottawa West,Ontario,,1935-08-14,1997-04-26,Not Active
Papineau--Saint-Michel,Quebec,,1988-10-01,1997-04-26,Not Active
Perth--Wellington--Waterloo,Ontario,Kitchener-Waterloo,1988-10-01,1997-04-26,Not Active
Portage--Interlake,Manitoba,,1988-10-01,1997-04-26,Not Active
Prince Albert--Churchill River,Saskatchewan,,1988-10-01,1997-04-26,Not Active
Québec-Est,Quebec,Québec Region,1968-04-23,1997-04-26,Not Active
Regina--Lumsden,Saskatchewan,Regina,1988-10-01,1997-04-26,Not Active
Regina--Qu'Appelle,Saskatchewan,Regina,1988-10-01,1997-04-26,Not Active
Regina--Wascana,Saskatchewan,Regina,1988-10-01,1997-04-26,Not Active
Restigouche--Chaleur,New Brunswick,,1989-12-29,1997-04-26,Not Active
Richmond--Wolfe,Quebec,,1981-01-17,1997-04-26,Not Active
Rimouski--Témiscouata,Quebec,,1981-01-17,1997-04-26,Not Active
Rosedale,Ontario,Toronto (City),1935-08-14,1997-04-26,Not Active
Saanich--Gulf Islands,British Columbia,,1988-10-01,1997-04-26,Not Active
Saint-Denis,Quebec,,1953-06-13,1997-04-26,Not Active
Saint-Henri--Westmount,Quebec,,1979-03-26,1997-04-26,Not Active
Saint-Hubert,Quebec,,1988-10-01,1997-04-26,Not Active
Saint-Léonard,Quebec,,1988-10-01,1997-04-26,Not Active
Saskatoon--Clark's Crossing,Saskatchewan,Saskatoon,1988-10-01,1997-04-26,Not Active
Saskatoon--Dundurn,Saskatchewan,Saskatoon,1988-10-01,1997-04-26,Not Active
Scarborough West,Ontario,Scarborough,1968-04-23,1997-04-26,Not Active
Selkirk--Red River,Manitoba,,1990-12-19,1997-04-26,Not Active
Simcoe Centre,Ontario,,1988-10-01,1997-04-26,Not Active
South West Nova,Nova Scotia,,1979-03-26,1997-04-26,Not Active
St. Boniface,Manitoba,Winnipeg,1953-06-13,1997-04-26,Not Active
Surrey--White Rock--South Langley,British Columbia,Vancouver Region,1990-12-19,1997-04-26,Not Active
Swift Current--Maple Creek--Assiniboia,Saskatchewan,,1988-10-01,1997-04-26,Not Active
Témiscamingue,Quebec,,1968-04-23,1997-04-26,Not Active
Terrebonne,Quebec,,1867-08-06,1997-04-26,Not Active
The Battlefords--Meadow Lake,Saskatchewan,,1979-03-26,1997-04-26,Not Active
Timiskaming--French River,Ontario,,1990-12-19,1997-04-26,Not Active
Timmins--Chapleau,Ontario,,1979-03-26,1997-04-26,Not Active
Vancouver South,British Columbia,Vancouver Region,1917-10-06,1997-04-26,Not Active
Vaudreuil,Quebec,,1968-04-23,1997-04-26,Not Active
Vegreville,Alberta,,1925-09-05,1997-04-26,Not Active
Verdun--Saint-Paul,Quebec,,1981-01-17,1997-04-26,Not Active
Waterloo,Ontario,Kitchener-Waterloo,1979-03-26,1997-04-26,Not Active
Welland--St. Catharines--Thorold,Ontario,,1988-10-01,1997-04-26,Not Active
Wellington--Grey--Dufferin--Simcoe,Ontario,,1988-10-01,1997-04-26,Not Active
Windsor--St. Clair,Ontario,Windsor,1989-12-29,1997-04-26,Not Active
Winnipeg North,Manitoba,Winnipeg,1917-10-06,1997-04-26,Not Active
Winnipeg North Centre,Manitoba,Winnipeg,1925-09-05,1997-04-26,Not Active
Winnipeg Transcona,Manitoba,Winnipeg,1988-10-01,1997-04-26,Not Active
Winnipeg--St. James,Manitoba,Winnipeg,1979-03-26,1997-04-26,Not Active
York--Simcoe,Ontario,Toronto (City),1988-10-01,1997-04-26,Not Active
Abitibi,Quebec,,1968-04-23,1998-06-17,Not Active
Beauport--Montmorency--Orléans,Quebec,,1990-12-19,1998-06-17,Not Active
Bramalea--Gore--Malton,Ontario,Mississauga-Brampton,1990-12-19,1998-06-17,Not Active
Bras d'Or,Nova Scotia,,1997-04-27,1998-06-17,Not Active
Charleswood--Assiniboine,Manitoba,,1997-04-27,1998-06-17,Not Active
Charlotte,New Brunswick,,1997-04-27,1998-06-17,Not Active
Kamloops,British Columbia,,1988-10-01,1998-06-17,Not Active
Kent--Essex,Ontario,,1997-04-27,1998-06-17,Not Active
Lévis,Quebec,,1867-08-06,1998-06-17,Not Active
Moncton,New Brunswick,,1968-04-23,1998-06-17,Not Active
Port Moody--Coquitlam,British Columbia,,1988-10-01,1998-06-17,Not Active
Qu'Appelle,Saskatchewan,,1997-04-27,1998-06-17,Not Active
Richelieu,Quebec,,1968-04-23,1998-06-17,Not Active
Saint-Eustache--Sainte-Thérèse,Quebec,,1997-04-27,1998-06-17,Not Active
Thunder Bay--Nipigon,Ontario,Thunder Bay,1979-03-26,1998-06-17,Not Active
Verchères,Quebec,,1979-03-26,1998-06-17,Not Active
Victoria--Haliburton,Ontario,,1968-04-23,1998-06-17,Not Active
West Kootenay--Okanagan,British Columbia,,1997-04-27,1998-06-17,Not Active
West Nova,Nova Scotia,,1997-04-27,1998-06-17,Not Active
Argenteuil--Papineau,Quebec,,1981-01-17,1999-03-10,Not Active
Sackville--Eastern Shore,Nova Scotia,,1997-04-27,1999-03-10,Not Active
Stormont--Dundas,Ontario,,1968-04-23,1999-03-10,Not Active
Nunavut,Northwest Territories,,1997-04-27,1999-03-30,Not Active
Broadview--Greenwood,Ontario,Toronto (City),1979-03-26,2000-06-28,Not Active
Bruce--Grey,Ontario,,1975-03-13,2000-06-28,Not Active
Carleton--Gloucester,Ontario,,1997-04-27,2000-06-28,Not Active
Charlesbourg,Quebec,,1979-03-26,2000-06-28,Not Active
Chicoutimi,Quebec,,1925-09-05,2000-06-28,Not Active
Edmonton East,Alberta,Edmonton,1917-10-06,2000-06-28,Not Active
Lac-Saint-Jean,Quebec,,1949-04-30,2000-06-28,Not Active
Lotbinière,Quebec,,1867-08-06,2000-06-28,Not Active
Rimouski--Mitis,Quebec,,1997-04-27,2000-06-28,Not Active
Rosemont,Quebec,Montreal Island,1979-03-26,2000-06-28,Not Active
Verdun--Saint-Henri,Quebec,Montreal Island,1997-04-27,2000-06-28,Not Active
Wanuskewin,Saskatchewan,Saskatoon,1997-04-27,2000-06-28,Not Active
Wentworth--Burlington,Ontario,,1997-04-27,2000-06-28,Not Active
Abitibi--Baie-James--Nunavik,Quebec,,1998-06-18,2004-05-22,Not Active
Algoma--Manitoulin,Ontario,,1997-04-27,2004-05-22,Not Active
Ancaster--Dundas--Flamborough--Aldershot,Ontario,,2000-06-29,2004-05-22,Not Active
Anjou--Rivière-des-Prairies,Quebec,Montreal Island,1988-10-01,2004-05-22,Not Active
Argenteuil--Papineau--Mirabel,Quebec,Montreal Region,1999-03-11,2004-05-22,Not Active
Barrie--Simcoe--Bradford,Ontario,,1997-04-27,2004-05-22,Not Active
Bas-Richelieu--Nicolet--Bécancour,Quebec,,1998-06-18,2004-05-22,Not Active
Beauport--Montmorency--Côte-de-Beaupré--Île-d'Orléans,Quebec,Québec Region,1998-06-18,2004-05-22,Not Active
Beauséjour--Petitcodiac,New Brunswick,,1997-04-27,2004-05-22,Not Active
Bellechasse--Etchemins--Montmagny--L'Islet,Quebec,,1997-04-27,2004-05-22,Not Active
Berthier--Montcalm,Quebec,,1988-10-01,2004-05-22,Not Active
Bonaventure--Gaspé--Îles-de-la-Madeleine--Pabok,Quebec,,1997-04-27,2004-05-22,Not Active
Bonavista--Trinity--Conception,Newfoundland and Labrador,,1968-04-23,2004-05-22,Not Active
Bramalea--Gore--Malton--Springdale,Ontario,Mississauga-Brampton,1998-06-18,2004-05-22,Not Active
Brampton Centre,Ontario,Mississauga-Brampton,1997-04-27,2004-05-22,Not Active
Brampton West--Mississauga,Ontario,Mississauga-Brampton,1997-04-27,2004-05-22,Not Active
Bras d'Or--Cape Breton,Nova Scotia,,1998-06-18,2004-05-22,Not Active
Bruce--Grey--Owen Sound,Ontario,,2000-06-29,2004-05-22,Not Active
Burin--St. George's,Newfoundland and Labrador,,1997-04-27,2004-05-22,Not Active
Calgary Centre,Alberta,Calgary,1968-04-23,2004-05-22,Not Active
Cariboo--Chilcotin,British Columbia,,1979-03-26,2004-05-22,Not Active
Chambly,Quebec,,1968-04-23,2004-05-22,Not Active
Champlain,Quebec,,1867-08-06,2004-05-22,Not Active
Charlesbourg--Jacques-Cartier,Quebec,Québec Region,2000-06-29,2004-05-22,Not Active
Charleswood St. James--Assiniboia,Manitoba,Winnipeg,1998-06-18,2004-05-22,Not Active
Charlevoix,Quebec,,1949-04-30,2004-05-22,Not Active
Châteauguay,Quebec,Montreal Region,1979-03-26,2004-05-22,Not Active
Cumberland--Colchester,Nova Scotia,,1979-03-26,2004-05-22,Not Active
Dartmouth,Nova Scotia,,1988-10-01,2004-05-22,Not Active
Delta--South Richmond,British Columbia,Vancouver Region,1997-04-27,2004-05-22,Not Active
Dufferin--Peel--Wellington--Grey,Ontario,,1997-04-27,2004-05-22,Not Active
Durham,Ontario,,1988-10-01,2004-05-22,Not Active
Edmonton Centre-East,Alberta,Edmonton,2000-06-29,2004-05-22,Not Active
Edmonton North,Alberta,Edmonton,1979-03-26,2004-05-22,Not Active
Edmonton Southeast,Alberta,Edmonton,1988-10-01,2004-05-22,Not Active
Edmonton Southwest,Alberta,Edmonton,1988-10-01,2004-05-22,Not Active
Edmonton West,Alberta,Edmonton,1997-04-27,2004-05-22,Not Active
Elk Island,Alberta,,1988-10-01,2004-05-22,Not Active
Erie--Lincoln,Ontario,,1997-04-27,2004-05-22,Not Active
Fraser Valley,British Columbia,,1997-04-27,2004-05-22,Not Active
Frontenac--Mégantic,Quebec,,1997-04-27,2004-05-22,Not Active
Fundy--Royal,New Brunswick,,1968-04-23,2004-05-22,Not Active
Gander--Grand Falls,Newfoundland and Labrador,,1988-10-01,2004-05-22,Not Active
Guelph--Wellington,Ontario,,1988-10-01,2004-05-22,Not Active
Haldimand--Norfolk--Brant,Ontario,,1997-04-27,2004-05-22,Not Active
Haliburton--Victoria--Brock,Ontario,,1998-06-18,2004-05-22,Not Active
Hamilton East,Ontario,Hamilton,1904-09-20,2004-05-22,Not Active
Hamilton West,Ontario,Hamilton,1904-09-20,2004-05-22,Not Active
Hastings--Frontenac--Lennox and Addington,Ontario,,1997-04-27,2004-05-22,Not Active
Hillsborough,Prince Edward Island,,1968-04-23,2004-05-22,Not Active
Hochelaga--Maisonneuve,Quebec,Montreal Island,1979-03-26,2004-05-22,Not Active
Jonquière,Quebec,,1979-03-26,2004-05-22,Not Active
"Kamloops, Thompson and Highland Valleys",British Columbia,,1998-06-18,2004-05-22,Not Active
Kamouraska--Rivière-du-Loup--Témiscouata--Les Basques,Quebec,,1997-04-27,2004-05-22,Not Active
Kenora--Rainy River,Ontario,,1925-09-05,2004-05-22,Not Active
Kootenay--Boundary--Okanagan,British Columbia,,1998-06-18,2004-05-22,Not Active
Lac-Saint-Jean--Saguenay,Quebec,,2000-06-29,2004-05-22,Not Active
Lakeland,Alberta,,1997-04-27,2004-05-22,Not Active
Lambton--Kent--Middlesex,Ontario,,1997-04-27,2004-05-22,Not Active
Lanark--Carleton,Ontario,,1988-10-01,2004-05-22,Not Active
Langley--Abbotsford,British Columbia,Vancouver Region,1997-04-27,2004-05-22,Not Active
Laurentides,Quebec,,1988-10-01,2004-05-22,Not Active
Laurier--Sainte-Marie,Quebec,Montreal Island,1988-10-01,2004-05-22,Not Active
Laval Centre,Quebec,Laval,1990-12-19,2004-05-22,Not Active
Laval East,Quebec,Laval,1990-12-19,2004-05-22,Not Active
Laval West,Quebec,Laval,1990-12-19,2004-05-22,Not Active
Lévis-et-Chutes-de-la-Chaudière,Quebec,Québec Region,1998-06-18,2004-05-22,Not Active
Lotbinière--L'Érable,Quebec,,2000-06-29,2004-05-22,Not Active
Markham,Ontario,,1997-04-27,2004-05-22,Not Active
Mercier,Quebec,Montreal Island,1988-10-01,2004-05-22,Not Active
Mississauga Centre,Ontario,Mississauga-Brampton,1997-04-27,2004-05-22,Not Active
Mississauga East,Ontario,Mississauga-Brampton,1988-10-01,2004-05-22,Not Active
Mississauga West,Ontario,Mississauga-Brampton,1988-10-01,2004-05-22,Not Active
New Brunswick Southwest,New Brunswick,,1998-06-18,2004-05-22,Not Active
New Westminster--Coquitlam--Burnaby,British Columbia,Vancouver Region,1997-04-27,2004-05-22,Not Active
Niagara Centre,Ontario,,1997-04-27,2004-05-22,Not Active
Nipissing,Ontario,,1896-04-24,2004-05-22,Not Active
Northumberland,Ontario,,1979-03-26,2004-05-22,Not Active
Oak Ridges,Ontario,,1997-04-27,2004-05-22,Not Active
Okanagan--Shuswap,British Columbia,,1997-04-27,2004-05-22,Not Active
Papineau--Saint-Denis,Quebec,Montreal Island,1997-04-27,2004-05-22,Not Active
Perth--Middlesex,Ontario,,1997-04-27,2004-05-22,Not Active
Pickering--Ajax--Uxbridge,Ontario,,1997-04-27,2004-05-22,Not Active
Pictou--Antigonish--Guysborough,Nova Scotia,,1997-04-27,2004-05-22,Not Active
Pontiac--Gatineau--Labelle,Quebec,,1979-03-26,2004-05-22,Not Active
Port Moody--Coquitlam--Port Coquitlam,British Columbia,Vancouver Region,1998-06-18,2004-05-22,Not Active
Prince George--Bulkley Valley,British Columbia,,1979-03-26,2004-05-22,Not Active
Québec East,Quebec,Québec Region,1997-04-27,2004-05-22,Not Active
Rimouski-Neigette-et-La Mitis,Quebec,,2000-06-29,2004-05-22,Not Active
Rosemont--Petite-Patrie,Quebec,Montreal Island,2000-06-29,2004-05-22,Not Active
Sackville--Musquodoboit Valley--Eastern Shore,Nova Scotia,,1999-03-11,2004-05-22,Not Active
Saint-Maurice,Quebec,,1968-04-23,2004-05-22,Not Active
Scarborough East,Ontario,Scarborough,1968-04-23,2004-05-22,Not Active
Skeena,British Columbia,,1917-10-06,2004-05-22,Not Active
South Shore,Nova Scotia,,1968-04-23,2004-05-22,Not Active
South Surrey--White Rock--Langley,British Columbia,Vancouver Region,1997-04-27,2004-05-22,Not Active
St. Albert,Alberta,,1988-10-01,2004-05-22,Not Active
St. John's East,Newfoundland and Labrador,St. John's (NF),1988-10-01,2004-05-22,Not Active
St. John's West,Newfoundland and Labrador,St. John's (NF),1988-10-01,2004-05-22,Not Active
Stoney Creek,Ontario,,1997-04-27,2004-05-22,Not Active
Stormont--Dundas--Charlottenburgh,Ontario,,1999-03-11,2004-05-22,Not Active
Surrey Central,British Columbia,Vancouver Region,1997-04-27,2004-05-22,Not Active
Témiscamingue,Quebec,,1997-04-27,2004-05-22,Not Active
Thunder Bay--Atikokan,Ontario,Thunder Bay,1979-03-26,2004-05-22,Not Active
Timiskaming--Cochrane,Ontario,,1997-04-27,2004-05-22,Not Active
Toronto Centre--Rosedale,Ontario,Toronto (City),1997-04-27,2004-05-22,Not Active
Vancouver South--Burnaby,British Columbia,Vancouver Region,1997-04-27,2004-05-22,Not Active
Vaughan--King--Aurora,Ontario,,1997-04-27,2004-05-22,Not Active
Verdun--Saint-Henri--Saint-Paul--Pointe Saint-Charles,Quebec,Montreal Island,2000-06-29,2004-05-22,Not Active
Waterloo--Wellington,Ontario,Kitchener-Waterloo,1997-04-27,2004-05-22,Not Active
West Nova,Nova Scotia,,1998-06-18,2004-05-22,Not Active
Whitby--Ajax,Ontario,,1997-04-27,2004-05-22,Not Active
Windsor--St. Clair,Ontario,Windsor,1997-04-27,2004-05-22,Not Active
Winnipeg North Centre,Manitoba,Winnipeg,1997-04-27,2004-05-22,Not Active
Winnipeg North--St. Paul,Manitoba,Winnipeg,1997-04-27,2004-05-22,Not Active
Winnipeg South Centre,Manitoba,Winnipeg,1988-10-01,2004-05-22,Not Active
Winnipeg--Transcona,Manitoba,Winnipeg,1997-04-27,2004-05-22,Not Active
York North,Ontario,Toronto (City),1867-08-06,2004-05-22,Not Active
Argenteuil--Mirabel,Quebec,,2004-05-23,2004-08-31,Not Active
Athabasca,Alberta,,1968-04-23,2004-08-31,Not Active
Beauport,Quebec,,2004-05-23,2004-08-31,Not Active
Bonavista--Exploits,Newfoundland and Labrador,,2004-05-23,2004-08-31,Not Active
Calgary North Centre,Alberta,Calgary,2004-05-23,2004-08-31,Not Active
Calgary South Centre,Alberta,Calgary,2004-05-23,2004-08-31,Not Active
Carleton--Lanark,Ontario,,2004-05-23,2004-08-31,Not Active
Charlesbourg,Quebec,Québec Region,2004-05-23,2004-08-31,Not Active
Charleswood--St. James,Manitoba,,2004-05-23,2004-08-31,Not Active
Charlevoix--Montmorency,Quebec,,2004-05-23,2004-08-31,Not Active
Churchill River,Saskatchewan,,1997-04-27,2004-08-31,Not Active
Clarington--Scugog--Uxbridge,Ontario,,2004-05-23,2004-08-31,Not Active
Dauphin--Swan River,Manitoba,,1983-05-11,2004-08-31,Not Active
Dewdney--Alouette,British Columbia,Vancouver Region,1997-04-27,2004-08-31,Not Active
Edmonton--Beaumont,Alberta,Edmonton,2004-05-23,2004-08-31,Not Active
Fundy,New Brunswick,,2004-05-23,2004-08-31,Not Active
Grey--Bruce--Owen Sound,Ontario,,2004-05-23,2004-08-31,Not Active
Kamloops--Thompson,British Columbia,,2004-05-23,2004-08-31,Not Active
Kelowna,British Columbia,,1997-04-27,2004-08-31,Not Active
Kitchener--Conestoga,Ontario,Kitchener-Waterloo,2004-05-23,2004-08-31,Not Active
Laurier,Quebec,,2004-05-23,2004-08-31,Not Active
Longueuil,Quebec,Montreal Region,1953-06-13,2004-08-31,Not Active
Matapédia--Matane,Quebec,,1979-03-26,2004-08-31,Not Active
Middlesex--Kent--Lambton,Ontario,,2004-05-23,2004-08-31,Not Active
North Nova,Nova Scotia,,2004-05-23,2004-08-31,Not Active
North Okanagan--Shuswap,British Columbia,,2004-05-23,2004-08-31,Not Active
Nunavik--Eeyou,Quebec,,2004-05-23,2004-08-31,Not Active
Portneuf,Quebec,Québec Region,1867-08-06,2004-08-31,Not Active
Richelieu,Quebec,,2004-05-23,2004-08-31,Not Active
Rimouski--Témiscouata,Quebec,,2004-05-23,2004-08-31,Not Active
Rivière-du-Loup--Montmagny,Quebec,,2004-05-23,2004-08-31,Not Active
Roberval,Quebec,,1949-04-30,2004-08-31,Not Active
Southern Interior,British Columbia,,2004-05-23,2004-08-31,Not Active
St. Croix--Belleisle,New Brunswick,,2004-05-23,2004-08-31,Not Active
St. John's North,Newfoundland and Labrador,,2004-05-23,2004-08-31,Not Active
St. John's South,Newfoundland and Labrador,,2004-05-23,2004-08-31,Not Active
West Vancouver--Sunshine Coast,British Columbia,Vancouver Region,1997-04-27,2004-08-31,Not Active
Westlock--St. Paul,Alberta,,2004-05-23,2004-08-31,Not Active
Battle River,Alberta,Edmonton,2004-09-01,2005-02-23,Not Active
Kitchener--Wilmot--Wellesley--Woolwich,Ontario,Kitchener-Waterloo,2004-09-01,2005-02-23,Not Active
Centre-du-bas-Saint-Laurent,Quebec,,2013-01-01,2015-01-01,Not Active
Charlevoix--Montmorency,Quebec,,2013-01-01,2015-01-01,Not Active
Chicoutimi,Quebec,,2013-01-01,2015-01-01,Not Active
Dorval--Lachine,Quebec,Montreal Island,2013-01-01,2015-01-01,Not Active
Grande Prairie,Alberta,,2013-01-01,2015-01-01,Not Active
Humboldt--Warman--Martensville--Rosetown,Saskatchewan,,2013-01-01,2015-01-01,Not Active
Lanark--Frontenac,Ontario,,2013-01-01,2015-01-01,Not Active
LaSalle--Verdun,Quebec,Montreal Island,2013-01-01,2015-01-01,Not Active
Lemoyne,Quebec,,2013-01-01,2015-01-01,Not Active
Longueuil,Quebec,Montreal Region,2013-01-01,2015-01-01,Not Active
Mississauga--Cooksville,Ontario,Mississauga-Brampton,2013-01-01,2015-01-01,Not Active
Red Deer--Wolf Creek,Alberta,,2013-01-01,2015-01-01,Not Active
Rideau--Carleton,Ontario,,2013-01-01,2015-01-01,Not Active
Saanich--Esquimalt--Juan de Fuca,British Columbia,,2013-01-01,2015-01-01,Not Active
Soulanges--Vaudreuil,Quebec,,2013-01-01,2015-01-01,Not Active
St. Paul's,Ontario,,2013-01-01,2015-01-01,Not Active
Vancouver Island North--Comox--Powell River,British Columbia,Vancouver Island,2013-01-01,2015-01-01,Not Active
Ville-Marie,Quebec,Montreal Island,2013-01-01,2015-01-01,Not Active
Ahuntsic,Quebec,Montreal Island,1988-10-01,2015-08-01,Not Active
Ajax--Pickering,Ontario,Toronto (City),2004-05-23,2015-08-01,Not Active
Ancaster--Dundas--Flamborough--Westdale,Ontario,Hamilton,2004-05-23,2015-08-01,Not Active
Argenteuil--Papineau--Mirabel,Quebec,,2004-09-01,2015-08-01,Not Active
Barrie,Ontario,,2004-05-23,2015-08-01,Not Active
Barrie--Simcoe,Ontario,,1997-04-27,2015-08-01,Not Active
Bas-Richelieu--Nicolet--Bécancour,Quebec,,2004-09-01,2015-08-01,Not Active
Beauharnois--Salaberry,Quebec,,1979-03-26,2015-08-01,Not Active
Blackstrap,Saskatchewan,Saskatoon,1997-04-27,2015-08-01,Not Active
Bonavista--Gander--Grand Falls--Windsor,Newfoundland and Labrador,,2004-09-01,2015-08-01,Not Active
Bramalea--Gore--Malton,Ontario,Mississauga-Brampton,2004-05-23,2015-08-01,Not Active
Brampton--Springdale,Ontario,Mississauga-Brampton,2004-05-23,2015-08-01,Not Active
Brant,Ontario,,1968-04-23,2015-08-01,Not Active
British Columbia Southern Interior,British Columbia,,2004-09-01,2015-08-01,Not Active
Brossard--La Prairie,Quebec,Montreal Region,1997-04-27,2015-08-01,Not Active
Burnaby--Douglas,British Columbia,Vancouver (City),1997-04-27,2015-08-01,Not Active
Burnaby--New Westminster,British Columbia,Vancouver (City),2004-05-23,2015-08-01,Not Active
Calgary Centre-North,Alberta,Calgary,2004-09-01,2015-08-01,Not Active
Calgary East,Alberta,Calgary,1997-04-27,2015-08-01,Not Active
Calgary Northeast,Alberta,Calgary,1988-10-01,2015-08-01,Not Active
Calgary Southeast,Alberta,Calgary,1988-10-01,2015-08-01,Not Active
Calgary Southwest,Alberta,Calgary,1988-10-01,2015-08-01,Not Active
Calgary West,Alberta,Calgary,1979-03-26,2015-08-01,Not Active
Calgary--Nose Hill,Alberta,Calgary,1997-04-27,2015-08-01,Not Active
Carleton--Mississippi Mills,Ontario,Ottawa-Gatineau,2004-09-01,2015-08-01,Not Active
Chambly--Borduas,Quebec,,2004-05-23,2015-08-01,Not Active
Charleswood--St. James--Assiniboia,Manitoba,Winnipeg,2004-09-01,2015-08-01,Not Active
Châteauguay--Saint-Constant,Quebec,Montreal Region,2004-05-23,2015-08-01,Not Active
Chatham-Kent--Essex,Ontario,,1998-06-18,2015-08-01,Not Active
Chicoutimi--Le Fjord,Quebec,,2000-06-29,2015-08-01,Not Active
Chilliwack--Fraser Canyon,British Columbia,,2004-05-23,2015-08-01,Not Active
Churchill,Manitoba,,1935-08-14,2015-08-01,Not Active
Crowfoot,Alberta,,1968-04-23,2015-08-01,Not Active
Cumberland--Colchester--Musquodoboit Valley,Nova Scotia,Halifax,2004-09-01,2015-08-01,Not Active
Dauphin--Swan River--Marquette,Manitoba,,2004-09-01,2015-08-01,Not Active
Delta--Richmond East,British Columbia,Vancouver (City),2004-05-23,2015-08-01,Not Active
Edmonton East,Alberta,Edmonton,2004-05-23,2015-08-01,Not Active
Edmonton--Leduc,Alberta,Edmonton,2004-05-23,2015-08-01,Not Active
Edmonton--Mill Woods--Beaumont,Alberta,Edmonton,2004-09-01,2015-08-01,Not Active
Edmonton--Sherwood Park,Alberta,Edmonton,2004-05-23,2015-08-01,Not Active
Edmonton--Spruce Grove,Alberta,Edmonton,2004-05-23,2015-08-01,Not Active
Edmonton--St. Albert,Alberta,Edmonton,2004-05-23,2015-08-01,Not Active
Edmonton--Strathcona,Alberta,Edmonton,1953-06-13,2015-08-01,Not Active
Esquimalt--Juan de Fuca,British Columbia,Victoria,1988-10-01,2015-08-01,Not Active
Fort McMurray--Athabasca,Alberta,,2004-09-01,2015-08-01,Not Active
Gaspésie--Îles-de-la-Madeleine,Quebec,,2004-05-23,2015-08-01,Not Active
Halton,Ontario,Toronto (City),1997-04-27,2015-08-01,Not Active
Haute-Gaspésie--La Mitis--Matane--Matapédia,Quebec,,2004-09-01,2015-08-01,Not Active
Humber--St. Barbe--Baie Verte,Newfoundland and Labrador,,1997-04-27,2015-08-01,Not Active
Jeanne-Le Ber,Quebec,Montreal Island,2004-05-23,2015-08-01,Not Active
Jonquière--Alma,Quebec,,2004-05-23,2015-08-01,Not Active
Kitchener--Waterloo,Ontario,Kitchener-Waterloo,1997-04-27,2015-08-01,Not Active
Lanark--Frontenac--Lennox and Addington,Ontario,,2004-05-23,2015-08-01,Not Active
Langley,British Columbia,Vancouver (City),2004-05-23,2015-08-01,Not Active
LaSalle--Émard,Quebec,Montreal Island,1988-10-01,2015-08-01,Not Active
Laval,Quebec,Laval,2004-05-23,2015-08-01,Not Active
Leeds--Grenville,Ontario,,1979-03-26,2015-08-01,Not Active
Lévis--Bellechasse,Quebec,Québec Region,2004-05-23,2015-08-01,Not Active
Longueuil--Pierre-Boucher,Quebec,Montreal Region,2004-09-01,2015-08-01,Not Active
Lotbinière--Chutes-de-la-Chaudière,Quebec,Québec Region,2004-05-23,2015-08-01,Not Active
Macleod,Alberta,,1988-10-01,2015-08-01,Not Active
Marc-Aurèle-Fortin,Quebec,Laval,2004-05-23,2015-08-01,Not Active
Medicine Hat,Alberta,,1908-09-17,2015-08-01,Not Active
Miramichi,New Brunswick,,1988-10-01,2015-08-01,Not Active
Mississauga East--Cooksville,Ontario,Mississauga-Brampton,2004-05-23,2015-08-01,Not Active
Mississauga South,Ontario,Mississauga-Brampton,1979-03-26,2015-08-01,Not Active
Mississauga--Brampton South,Ontario,Mississauga-Brampton,2004-05-23,2015-08-01,Not Active
Mississauga--Erindale,Ontario,Mississauga-Brampton,2004-05-23,2015-08-01,Not Active
Montmorency--Charlevoix--Haute-Côte-Nord,Quebec,Québec Region,2004-09-01,2015-08-01,Not Active
Mount Royal,Quebec,Montreal Island,1988-10-01,2015-08-01,Not Active
Nanaimo--Alberni,British Columbia,Vancouver Island,1997-04-27,2015-08-01,Not Active
Nanaimo--Cowichan,British Columbia,Vancouver Island,1988-10-01,2015-08-01,Not Active
Nepean--Carleton,Ontario,Ottawa-Gatineau,1997-04-27,2015-08-01,Not Active
New Westminster--Coquitlam,British Columbia,Vancouver (City),2004-05-23,2015-08-01,Not Active
Newton--North Delta,British Columbia,Vancouver (City),2004-05-23,2015-08-01,Not Active
Niagara West--Glanbrook,Ontario,Hamilton,2004-05-23,2015-08-01,Not Active
Northumberland--Quinte West,Ontario,,2004-05-23,2015-08-01,Not Active
Notre-Dame-de-Grâce--Lachine,Quebec,Montreal Island,1997-04-27,2015-08-01,Not Active
Oak Ridges--Markham,Ontario,Toronto (City),2004-05-23,2015-08-01,Not Active
Okanagan--Coquihalla,British Columbia,,1997-04-27,2015-08-01,Not Active
Okanagan--Shuswap,British Columbia,,2004-09-01,2015-08-01,Not Active
Ottawa--Orléans,Ontario,Ottawa-Gatineau,2000-06-29,2015-08-01,Not Active
Palliser,Saskatchewan,Regina,1997-04-27,2015-08-01,Not Active
Peace River,Alberta,,1925-09-05,2015-08-01,Not Active
Peterborough,Ontario,,1953-06-13,2015-08-01,Not Active
Pickering--Scarborough East,Ontario,Scarborough,2004-05-23,2015-08-01,Not Active
Pitt Meadows--Maple Ridge--Mission,British Columbia,Vancouver (City),2004-09-01,2015-08-01,Not Active
Port Moody--Westwood--Port Coquitlam,British Columbia,Vancouver (City),2004-05-23,2015-08-01,Not Active
Prince Edward--Hastings,Ontario,,1979-03-26,2015-08-01,Not Active
Prince George--Peace River,British Columbia,,1979-03-26,2015-08-01,Not Active
Random--Burin--St. George's,Newfoundland and Labrador,,2004-05-23,2015-08-01,Not Active
Red Deer,Alberta,,1908-09-17,2015-08-01,Not Active
Regina--Lumsden--Lake Centre,Saskatchewan,Regina,1997-04-27,2015-08-01,Not Active
Richmond,British Columbia,Vancouver (City),1988-10-01,2015-08-01,Not Active
Rimouski-Neigette--Témiscouata--Les Basques,Quebec,,2004-09-01,2015-08-01,Not Active
Roberval--Lac-Saint-Jean,Quebec,,2004-09-01,2015-08-01,Not Active
Sackville--Eastern Shore,Nova Scotia,Halifax,2004-05-23,2015-08-01,Not Active
Saint Boniface,Manitoba,Winnipeg,1997-04-27,2015-08-01,Not Active
Saint John,New Brunswick,,1988-10-01,2015-08-01,Not Active
Saint-Bruno--Saint-Hubert,Quebec,Montreal Region,1997-04-27,2015-08-01,Not Active
Saint-Lambert,Quebec,Montreal Region,1997-04-27,2015-08-01,Not Active
Saint-Laurent--Cartierville,Quebec,Montreal Island,1989-12-29,2015-08-01,Not Active
Saskatoon--Humboldt,Saskatchewan,Saskatoon,1988-10-01,2015-08-01,Not Active
Saskatoon--Rosetown--Biggar,Saskatchewan,Saskatoon,1997-04-27,2015-08-01,Not Active
Saskatoon--Wanuskewin,Saskatchewan,Saskatoon,2000-06-29,2015-08-01,Not Active
Scarborough--Rouge River,Ontario,Scarborough,1988-10-01,2015-08-01,Not Active
Selkirk--Interlake,Manitoba,,1997-04-27,2015-08-01,Not Active
South Shore--St. Margaret's,Nova Scotia,,2004-05-23,2015-08-01,Not Active
South Surrey--White Rock--Cloverdale,British Columbia,Vancouver (City),2004-05-23,2015-08-01,Not Active
St. Paul's,Ontario,Toronto (City),1968-04-23,2015-08-01,Not Active
Surrey North,British Columbia,Vancouver (City),1988-10-01,2015-08-01,Not Active
Terrebonne--Blainville,Quebec,Montreal Region,1997-04-27,2015-08-01,Not Active
Trinity--Spadina,Ontario,Toronto (City),1988-10-01,2015-08-01,Not Active
Vancouver Island North,British Columbia,Vancouver Island,1997-04-27,2015-08-01,Not Active
Vaudreuil--Soulanges,Quebec,Montreal Region,1997-04-27,2015-08-01,Not Active
Vaughan,Ontario,Toronto (City),2004-05-23,2015-08-01,Not Active
Vegreville--Wainwright,Alberta,,2004-05-23,2015-08-01,Not Active
Verchères--Les Patriotes,Quebec,Montreal Region,1998-06-18,2015-08-01,Not Active
Wascana,Saskatchewan,Regina,1997-04-27,2015-08-01,Not Active
Welland,Ontario,,2004-05-23,2015-08-01,Not Active
Western Arctic,Northwest Territories,,1979-03-26,2015-08-01,Not Active
Westlock--St. Paul,Alberta,Edmonton,2005-02-24,2015-08-01,Not Active
Westmount--Ville-Marie,Quebec,Montreal Island,1997-04-27,2015-08-01,Not Active
Wetaskiwin,Alberta,,1925-09-05,2015-08-01,Not Active
Whitby--Oshawa,Ontario,,2004-05-23,2015-08-01,Not Active
Wild Rose,Alberta,,1988-10-01,2015-08-01,Not Active
York West,Ontario,Toronto (City),1917-10-06,2015-08-01,Not Active
Abbotsford,British Columbia,,2004-05-23,,Active
Abitibi--Baie-James--Nunavik--Eeyou,Quebec,,2004-09-01,,Active
Abitibi--Témiscamingue,Quebec,,2004-05-23,,Active
Acadie--Bathurst,New Brunswick,,1990-12-19,,Active
Ahuntsic-Cartierville,Quebec,Montreal Island,2015-08-02,,Active
Ajax,Ontario,Toronto (City),2015-08-02,,Active
Alberta,Alberta,,,,Not Active
Alfred-Pellan,Quebec,Laval,2004-05-23,,Active
Algoma--Manitoulin--Kapuskasing,Ontario,,2004-05-23,,Active
Argenteuil--La Petite-Nation,Quebec,Ottawa-Gatineau,2015-08-02,,Active
Assiniboia East,Saskatchewan,,,,Not Active
Assiniboia West,Saskatchewan,,,,Not Active
Aurora--Oak Ridges--Richmond Hill,Ontario,Scarborough,2015-08-02,,Active
Avalon,Newfoundland and Labrador,St. John's (NF),2004-05-23,,Active
Avignon--La Mitis--Matane--Matapédia,Quebec,,2015-08-02,,Active
Banff--Airdrie,Alberta,,2015-08-02,,Active
Barrie--Innisfil,Ontario,,2015-08-02,,Active
Barrie--Springwater--Oro-Medonte,Ontario,,2015-08-02,,Active
Battle River--Crowfoot,Alberta,,2015-08-02,,Active
Battlefords--Lloydminster,Saskatchewan,,1997-04-27,,Active
Bay of Quinte,Ontario,,2015-08-02,,Active
Beaches--East York,Ontario,Toronto (City),1997-04-27,,Active
Beauce,Quebec,,1867-08-06,,Active
Beauharnois,Quebec,,,,Not Active
Beauport--Côte-de-Beaupré--Île D’Orléans--Charlevoix,Quebec,Québec Region,2015-08-02,,Active
Beauport--Limoilou,Quebec,Québec Region,2004-09-01,,Active
Beauséjour,New Brunswick,,2004-05-23,,Active
Bécancour--Nicolet--Saurel,Quebec,,2015-08-02,,Active
Bellechasse--Les Etchemins--Lévis,Quebec,,2015-08-02,,Active
Beloeil--Chambly,Quebec,,2015-08-02,,Active
Berthier--Maskinongé,Quebec,,2004-05-23,,Active
Bonavista--Burin--Trinity,Newfoundland and Labrador,,2015-08-02,,Active
Bourassa,Quebec,Montreal Island,1979-03-26,,Active
Bow River,Alberta,,2015-08-02,,Active
Brampton Centre,Ontario,Mississauga-Brampton,2015-08-02,,Active
Brampton East,Ontario,Mississauga-Brampton,2015-08-02,,Active
Brampton North,Ontario,Mississauga-Brampton,2015-08-02,,Active
Brampton South,Ontario,Mississauga-Brampton,2015-08-02,,Active
Brampton West,Ontario,Mississauga-Brampton,2004-05-23,,Active
Brampton--Halton Hills,Ontario,,,,Not Active
Brandon--Souris,Manitoba,,1953-06-13,,Active
Brantford--Brant,Ontario,,2015-08-02,,Active
Brome--Missisquoi,Quebec,,1984-07-09,,Active
Brossard--Saint-Lambert,Quebec,,2015-08-02,,Active
Bruce--Grey--Owen Sound,Ontario,,2004-09-01,,Active
Burlington,Ontario,Hamilton,1979-03-26,,Active
Burnaby North--Seymour,British Columbia,Vancouver Region,2015-08-02,,Active
Burnaby South,British Columbia,,2015-08-02,,Active
Calgary,Saskatchewan,Calgary,,,Not Active
Calgary Centre,Alberta,Calgary,2004-09-01,,Active
Calgary Confederation,Alberta,Calgary,2015-08-02,,Active
Calgary Forest Lawn,Alberta,Calgary,2015-08-02,,Active
Calgary Heritage,Alberta,Calgary,2015-08-02,,Active
Calgary Midnapore,Alberta,Calgary,2015-08-02,,Active
Calgary Nose Hill,Alberta,Calgary,2015-08-02,,Active
Calgary Rocky Ridge,Alberta,Calgary,2015-08-02,,Active
Calgary Shepard,Alberta,Calgary,2015-08-02,,Active
Calgary Signal Hill,Alberta,Calgary,2015-08-02,,Active
Calgary Skyview,Alberta,Calgary,2015-08-02,,Active
Cambridge,Ontario,Kitchener-Waterloo,1979-03-26,,Active
Cape Breton--Canso,Nova Scotia,,2004-05-23,,Active
Cardigan,Prince Edward Island,,1968-04-23,,Active
Cariboo--Prince George,British Columbia,,2004-05-23,,Active
Carleton,Ontario,Ottawa-Gatineau,2015-08-02,,Active
Carlton Trail--Eagle Creek,Saskatchewan,Saskatoon,2015-08-02,,Active
Central Nova,Nova Scotia,Halifax,2004-05-23,,Active
Central Okanagan--Similkameen--Nicola,British Columbia,,2015-08-02,,Active
Chapleau,Quebec,,,,Not Active
Charlesbourg--Haute-Saint-Charles,Quebec,Québec Region,2004-09-01,,Active
Charleswood--St. James--Assiniboia--Headingley,Manitoba,Winnipeg,2015-08-02,,Active
Charlottetown,Prince Edward Island,,2004-05-23,,Active
Châteauguay--Lacolle,Quebec,Montreal Region,2015-08-02,,Active
Chatham-Kent--Leamington,Ontario,,2015-08-02,,Active
Chicoutimi--Le Fjord,Quebec,,2015-08-02,,Active
Chilliwack--Hope,British Columbia,,2015-08-02,,Active
Churchill--Keewatinook Aski,Manitoba,,2015-08-02,,Active
Cloverdale--Langley City,British Columbia,,2015-08-02,,Active
Coast of Bays--Central--Notre Dame,Newfoundland and Labrador,,2015-08-02,,Active
Cochrane North,Ontario,,,,Not Active
Compton--Stanstead,Quebec,,1997-04-27,,Active
Coquitlam--Port Coquitlam,British Columbia,Vancouver Region,2015-08-02,,Active
Courtenay--Alberni,British Columbia,,2015-08-02,,Active
Cowichan--Malahat--Langford,British Columbia,,2015-08-02,,Active
Cumberland--Colchester,Nova Scotia,,2015-08-02,,Active
Cypress Hills--Grasslands,Saskatchewan,,1997-04-27,,Active
Dartmouth--Cole Harbour,Nova Scotia,Halifax,2004-05-23,,Active
Dauphin--Swan River--Neepawa,Manitoba,,2015-08-02,,Active
Davenport,Ontario,Toronto (City),1935-08-14,,Active
Delta,British Columbia,,2015-08-02,,Active
Desnethé--Missinippi--Churchill River,Saskatchewan,,2004-09-01,,Active
Deux-Montagnes,Quebec,,,,Not Active
Don Valley East,Ontario,Toronto (City),1979-03-26,,Active
Don Valley North,Ontario,,2015-08-02,,Active
Don Valley West,Ontario,Toronto (City),1979-03-26,,Active
Dorval--Lachine--LaSalle,Quebec,Montreal Region,2015-08-02,,Active
Drummond,Quebec,,1968-04-23,,Active
Dufferin--Caledon,Ontario,Toronto (City),2004-05-23,,Active
Dufferin--Wellington,Ontario,,,,Not Active
Durham,Ontario,Toronto (City),2004-09-01,,Active
Edmonton,Saskatchewan,Edmonton,,,Not Active
Edmonton Centre,Alberta,Edmonton,2004-05-23,,Active
Edmonton Griesbach,Alberta,Edmonton,2015-08-02,,Active
Edmonton Manning,Alberta,Edmonton,2015-08-02,,Active
Edmonton Mill Woods,Alberta,Edmonton,2015-08-02,,Active
Edmonton Riverbend,Alberta,Edmonton,2015-08-02,,Active
Edmonton Strathcona,Alberta,Edmonton,2015-08-02,,Active
Edmonton West,Alberta,Edmonton,2015-08-02,,Active
Edmonton--Wetaskiwin,Alberta,Edmonton,2015-08-02,,Active
Eglinton--Lawrence,Ontario,Toronto (City),1979-03-26,,Active
Egmont,Prince Edward Island,,1968-04-23,,Active
Elgin--Middlesex--London,Ontario,London,1997-04-27,,Active
Elmwood--Transcona,Manitoba,Winnipeg,2004-05-23,,Active
Esquimalt--Saanich--Sooke,British Columbia,Victoria,2015-08-02,,Active
Essex,Ontario,Windsor,1997-04-27,,Active
Etobicoke Centre,Ontario,Toronto (City),1979-03-26,,Active
Etobicoke North,Ontario,Toronto (City),1979-03-26,,Active
Etobicoke--Lakeshore,Ontario,Toronto (City),1979-03-26,,Active
Flamborough--Glanbrook,Ontario,Hamilton,2015-08-02,,Active
Fleetwood--Port Kells,British Columbia,Vancouver (City),2004-05-23,,Active
Foothills,Alberta,,2015-08-02,,Active
Fort McMurray--Cold Lake,Alberta,,2015-08-02,,Active
Fort Nelson--Peace River,British Columbia,,,,Not Active
Fredericton,New Brunswick,,1997-04-27,,Active
Fundy Royal,New Brunswick,,2004-09-01,,Active
Gaspé--Bonaventure--Îles-de-la-Madeleine,Quebec,,,,Not Active
Gaspésie--Les Îles-de-la-Madeleine,Quebec,,2015-08-02,,Active
Gatineau,Quebec,Ottawa-Gatineau,1997-04-27,,Active
Glengarry--Prescott--Russell,Ontario,Ottawa-Gatineau,1970-06-26,,Active
Gloucester--Carleton,Ontario,,,,Not Active
Grande Prairie--Mackenzie,Alberta,,2015-08-02,,Active
Guelph,Ontario,,2004-05-23,,Active
Haldimand--Norfolk,Ontario,,2004-05-23,,Active
Haliburton--Kawartha Lakes--Brock,Ontario,,2004-05-23,,Active
Halifax,Nova Scotia,Halifax,1867-08-06,,Active
Halifax West,Nova Scotia,Halifax,1979-03-26,,Active
Hamilton Centre,Ontario,Hamilton,2004-05-23,,Active
Hamilton East--Stoney Creek,Ontario,Hamilton,2004-05-23,,Active
Hamilton Mountain,Ontario,Hamilton,1968-04-23,,Active
Hamilton West--Ancaster--Dundas,Ontario,Hamilton,2015-08-02,,Active
Hastings--Lennox and Addington,Ontario,,2015-08-02,,Active
Hochelaga,Quebec,Montreal Island,2004-05-23,,Active
Honoré-Mercier,Quebec,Montreal Island,2004-05-23,,Active
Hull--Aylmer,Quebec,Ottawa-Gatineau,1984-07-09,,Active
Humber River--Black Creek,Ontario,Toronto (City),2015-08-02,,Active
Huron,Ontario,,,,Not Active
Huron--Bruce,Ontario,,1979-03-26,,Active
Joliette,Quebec,,1968-04-23,,Active
Jonquière,Quebec,,2015-08-02,,Active
Kamloops--Thompson--Cariboo,British Columbia,,2004-09-01,,Active
Kamouraska--Rivière-du-Loup--Témiscouata,Quebec,,,,Not Active
Kanata--Carleton,Ontario,Ottawa-Gatineau,2015-08-02,,Active
Kelowna--Lake Country,British Columbia,,2004-09-01,,Active
Kenora,Ontario,,2004-05-23,,Active
Kildonan--St. Paul,Manitoba,Winnipeg,2004-05-23,,Active
King--Vaughan,Ontario,,2015-08-02,,Active
Kings--Hants,Nova Scotia,Halifax,1997-04-27,,Active
Kingston and the Islands,Ontario,,1968-04-23,,Active
Kingston City,Ontario,,,,Not Active
Kitchener Centre,Ontario,Kitchener-Waterloo,1997-04-27,,Active
Kitchener South--Hespeler,Ontario,Kitchener-Waterloo,2015-08-02,,Active
Kitchener--Conestoga,Ontario,Kitchener-Waterloo,2005-02-24,,Active
Kootenay East,British Columbia,,,,Not Active
Kootenay--Columbia,British Columbia,,1997-04-27,,Active
La Pointe-de-l'Île,Quebec,Montreal Island,2004-05-23,,Active
La Prairie,Quebec,,2015-08-02,,Active
Labrador,Newfoundland and Labrador,,1988-10-01,,Active
Lac-Saint-Jean,Quebec,,2015-08-02,,Active
Lac-Saint-Louis,Quebec,Montreal Island,1997-04-27,,Active
Lakeland,Alberta,Edmonton,2015-08-02,,Active
Lambton--Kent--Middlesex,Ontario,London,2004-09-01,,Active
Lanark--Frontenac--Kingston,Ontario,,2015-08-02,,Active
Langley--Aldergrove,British Columbia,Vancouver (City),2015-08-02,,Active
Langley--Matsqui,British Columbia,,,,Not Active
LaSalle--Émard--Verdun,Quebec,Montreal Island,2015-08-02,,Active
Laurentides--Labelle,Quebec,,2004-05-23,,Active
Laurier--Sainte-Marie,Quebec,Montreal Island,2004-09-01,,Active
Laval--Les Îles,Quebec,Laval,2004-05-23,,Active
Leeds--Grenville--Thousand Islands and Rideau Lakes,Ontario,,2015-08-02,,Active
Lethbridge,Alberta,,1988-10-01,,Active
Lévis--Lotbinière,Quebec,Québec Region,2015-08-02,,Active
London North Centre,Ontario,London,1997-04-27,,Active
London West,Ontario,London,1968-04-23,,Active
London--Adelaide,Ontario,London,,,Not Active
London--Fanshawe,Ontario,London,1997-04-27,,Active
Long Range Mountains,Newfoundland and Labrador,,2015-08-02,,Active
Longueuil--Charles-LeMoyne,Quebec,Montreal Region,2015-08-02,,Active
Longueuil--Saint-Hubert,Quebec,Montreal Region,2015-08-02,,Active
Louis-Hébert,Quebec,Québec Region,1968-04-23,,Active
Louis-Saint-Laurent,Quebec,Québec Region,2004-05-23,,Active
Madawaska--Restigouche,New Brunswick,,1997-04-27,,Active
Malpeque,Prince Edward Island,,1968-04-23,,Active
Manicouagan,Quebec,,1968-04-23,,Active
Marc-Aurèle-Fortin,Quebec,Laval,2015-08-02,,Active
Markham--Stouffville,Ontario,,2015-08-02,,Active
Markham--Thornhill,Ontario,,2015-08-02,,Active
Markham--Unionville,Ontario,Toronto (City),2004-05-23,,Active
Medicine Hat--Cardston--Warner,Alberta,,2015-08-02,,Active
Mégantic--L'Érable,Quebec,Laval,2004-05-23,,Active
Middlesex East,Ontario,,,,Not Active
Milton,Ontario,,2015-08-02,,Active
Mirabel,Quebec,,2015-08-02,,Active
Miramichi--Grand Lake,New Brunswick,,2015-08-02,,Active
Mission--Matsqui--Fraser Canyon,British Columbia,,2015-08-02,,Active
Mississauga Centre,Ontario,Mississauga-Brampton,2015-08-02,,Active
Mississauga East--Cooksville,Ontario,Mississauga-Brampton,2015-08-02,,Active
Mississauga--Erin Mills,Ontario,Mississauga-Brampton,2015-08-02,,Active
Mississauga--Lakeshore,Ontario,Mississauga-Brampton,2015-08-02,,Active
Mississauga--Malton,Ontario,Mississauga-Brampton,2015-08-02,,Active
Mississauga--Streetsville,Ontario,Mississauga-Brampton,2004-05-23,,Active
Moncton--Riverview--Dieppe,New Brunswick,,1998-06-18,,Active
Montarville,Quebec,,2015-08-02,,Active
Montcalm,Quebec,,2004-05-23,,Active
Montmagny--L’Islet--Kamouraska--Rivière-du-Loup,Quebec,,2004-09-01,,Active
Moose Jaw--Lake Centre--Lanigan,Saskatchewan,Regina,2015-08-02,,Active
Mount Royal,Quebec,Montreal Island,2015-08-02,,Active
Nanaimo--Ladysmith,British Columbia,,2015-08-02,,Active
Nepean,Ontario,Ottawa-Gatineau,2015-08-02,,Active
New Brunswick Southwest,New Brunswick,,2004-09-01,,Active
New Westminster--Burnaby,British Columbia,Vancouver (City),2015-08-02,,Active
Newmarket--Aurora,Ontario,Toronto (City),2004-05-23,,Active
Niagara Centre,Ontario,Hamilton,2015-08-02,,Active
Niagara Falls,Ontario,Kitchener-Waterloo,1953-06-13,,Active
Niagara West,Ontario,Hamilton,2015-08-02,,Active
Nickel Belt,Ontario,,1953-06-13,,Active
Nipissing--Timiskaming,Ontario,,2004-05-23,,Active
North Island--Powell River,British Columbia,,2015-08-02,,Active
North Okanagan--Shuswap,British Columbia,,,,Not Active
North Okanagan--Shuswap,British Columbia,,2015-08-02,,Active
North Vancouver,British Columbia,Vancouver (City),1988-10-01,,Active
Northumberland--Peterborough South,Ontario,Hamilton,2015-08-02,,Active
Northwest Territories,Northwest Territories,,2015-08-02,,Active
Notre-Dame-de-Grâce--Westmount,Quebec,Montreal Island,2015-08-02,,Active
Nunavut,Nunavut,,1999-04-01,,Active
Oakville,Ontario,,1997-04-27,,Active
Oakville North--Burlington,Ontario,,2015-08-02,,Active
Orléans,Ontario,Ottawa-Gatineau,2015-08-02,,Active
Oshawa,Ontario,,,,Not Active
Oshawa,Ontario,,1979-03-26,,Active
Ottawa Centre,Ontario,Ottawa-Gatineau,1968-04-23,,Active
Ottawa South,Ontario,Ottawa-Gatineau,1988-10-01,,Active
Ottawa West--Nepean,Ontario,Ottawa-Gatineau,1997-04-27,,Active
Ottawa--Vanier,Ontario,Ottawa-Gatineau,1973-12-12,,Active
Outremont,Quebec,Montreal Island,1968-04-23,,Active
Oxford,Ontario,,1935-08-14,,Active
Papineau,Quebec,Montreal Island,2004-05-23,,Active
Parkdale--High Park,Ontario,Toronto (City),1979-03-26,,Active
Parry Sound--Muskoka,Ontario,,1949-04-30,,Active
Peace River--Westlock,Alberta,,2015-08-02,,Active
Peel--Dufferin,Ontario,,,,Not Active
Perth--Wellington,Ontario,,2004-05-23,,Active
Peterborough--Kawartha,Ontario,,2015-08-02,,Active
Pickering--Uxbridge,Ontario,,2015-08-02,,Active
Pierre-Boucher--Les Patriotes--Verchères,Quebec,,2015-08-02,,Active
Pierrefonds--Dollard,Quebec,Montreal Island,1988-10-01,,Active
Pitt Meadows--Maple Ridge,British Columbia,,2015-08-02,,Active
Pontiac,Quebec,Ottawa-Gatineau,2004-05-23,,Active
Port Moody--Coquitlam,British Columbia,Vancouver Region,2015-08-02,,Active
Portage--Lisgar,Manitoba,Winnipeg,1997-04-27,,Active
Portneuf--Jacques-Cartier,Quebec,Québec Region,2004-09-01,,Active
Prince Albert,Saskatchewan,,1997-04-27,,Active
Prince George--Peace River--Northern Rockies,British Columbia,,2015-08-02,,Active
Provencher,Manitoba,,1871-05-01,,Active
Québec,Quebec,Québec Region,1990-12-19,,Active
Red Deer--Lacombe,Alberta,,2015-08-02,,Active
Red Deer--Mountain View,Alberta,,2015-08-02,,Active
Regina--Arm River,Saskatchewan,Regina,,,Not Active
Regina--Lewvan,Saskatchewan,Regina,2015-08-02,,Active
Regina--Qu'Appelle,Saskatchewan,Regina,1998-06-18,,Active
Regina--Wascana,Saskatchewan,Regina,2015-08-02,,Active
Renfrew--Nipissing--Pembroke,Ontario,,1989-12-29,,Active
Repentigny,Quebec,Montreal Region,1997-04-27,,Active
Richmond Centre,British Columbia,Vancouver (City),2015-08-02,,Active
Richmond Hill,Ontario,Toronto (City),2004-05-23,,Active
Richmond--Arthabaska,Quebec,,1997-04-27,,Active
Rimouski,Quebec,,,,Not Active
Rimouski-Neigette--Témiscouata--Les Basques,Quebec,,2015-08-02,,Active
Rivière-des-Mille-Îles,Quebec,Montreal Region,1998-06-18,,Active
Rivière-du-Nord,Quebec,,2004-05-23,,Active
Rosemont--La Petite-Patrie,Quebec,Montreal Island,2004-05-23,,Active
Rouyn-Noranda--Témiscamingue,Quebec,,,,Not Active
Saanich--Gulf Islands,British Columbia,Victoria,1997-04-27,,Active
Sackville--Preston--Chezzetcook,Nova Scotia,Halifax,2015-08-02,,Active
Saint Boniface--Saint Vital,Manitoba,,2015-08-02,,Active
Saint John--Rothesay,New Brunswick,,2015-08-02,,Active
Saint-Hyacinthe--Bagot,Quebec,,1981-01-17,,Active
Saint-Jean,Quebec,,1968-04-23,,Active
Saint-Laurent,Quebec,Montreal Island,2015-08-02,,Active
Saint-Léonard,Quebec,,,,Not Active
Saint-Léonard--Saint-Michel,Quebec,Montreal Island,1997-04-27,,Active
Saint-Maurice--Champlain,Quebec,,2004-05-23,,Active
Salaberry--Suroît,Quebec,,2015-08-02,,Active
Sarnia--Lambton,Ontario,,1981-01-17,,Active
Saskatchewan,Saskatchewan,,,,Not Active
Saskatoon West,Saskatchewan,Saskatoon,2015-08-02,,Active
Saskatoon--Grasswood,Saskatchewan,Saskatoon,2015-08-02,,Active
Saskatoon--Rosetown,Saskatchewan,Saskatoon,,,Not Active
Saskatoon--University,Saskatchewan,Saskatoon,2015-08-02,,Active
Sault Ste. Marie,Ontario,,1988-10-01,,Active
Scarborough Centre,Ontario,Scarborough,1979-03-26,,Active
Scarborough North,Ontario,Scarborough,2015-08-02,,Active
Scarborough Southwest,Ontario,Scarborough,1997-04-27,,Active
Scarborough--Agincourt,Ontario,Scarborough,1988-10-01,,Active
Scarborough--Guildwood,Ontario,Scarborough,2004-05-23,,Active
Scarborough--Rouge Park,Ontario,Scarborough,2015-08-02,,Active
Selkirk--Interlake--Eastman,Manitoba,Winnipeg,2015-08-02,,Active
Shefford,Quebec,,1867-08-06,,Active
Sherbrooke,Quebec,,1925-09-05,,Active
Sherwood Park--Fort Saskatchewan,Alberta,,2015-08-02,,Active
Simcoe North,Ontario,,1867-08-06,,Active
Simcoe--Grey,Ontario,,1997-04-27,,Active
Skeena--Bulkley Valley,British Columbia,,2004-05-23,,Active
Souris--Moose Mountain,Saskatchewan,,1988-10-01,,Active
South Okanagan--West Kootenay,British Columbia,,2015-03-02,,Active
South Shore--St. Margarets,Nova Scotia,Halifax,2015-08-02,,Active
South Surrey--White Rock,British Columbia,,2015-08-02,,Active
Spadina--Fort York,Ontario,Toronto (City),2015-08-02,,Active
St. Albert--Edmonton,Alberta,Edmonton,2015-08-02,,Active
St. Catharines,Ontario,Toronto (City),1968-04-23,,Active
St. John's East,Newfoundland and Labrador,St. John's (NF),2004-09-01,,Active
St. John's South--Mount Pearl,Newfoundland and Labrador,St. John's (NF),2004-09-01,,Active
Steveston--Richmond East,British Columbia,Vancouver Region,2015-08-02,,Active
Stormont--Dundas--South Glengarry,Ontario,,2004-05-23,,Active
Sturgeon River--Parkland,Alberta,Edmonton,2015-08-02,,Active
Sudbury,Ontario,,1949-04-30,,Active
Surrey Centre,British Columbia,Vancouver (City),2015-08-02,,Active
Surrey--Newton,British Columbia,Vancouver (City),2015-08-02,,Active
Sydney--Victoria,Nova Scotia,,1997-04-27,,Active
Terrebonne,Quebec,Montreal Region,2015-08-02,,Active
Thérèse-De Blainville,Quebec,Montreal Region,2015-08-02,,Active
Thornhill,Ontario,Toronto (City),1997-04-27,,Active
Thunder Bay--Rainy River,Ontario,Thunder Bay,2004-05-23,,Active
Thunder Bay--Superior North,Ontario,Thunder Bay,1998-06-18,,Active
Timmins--James Bay,Ontario,,1997-04-27,,Active
Tobique--Mactaquac,New Brunswick,,1997-04-27,,Active
Toronto Centre,Ontario,Toronto (City),2004-05-23,,Active
Toronto--Danforth,Ontario,Toronto (City),2000-06-29,,Active
Toronto--St. Paul's,Ontario,Toronto (City),2015-08-02,,Active
Trois-Rivières,Quebec,,1979-03-26,,Active
University--Rosedale,Ontario,Toronto (City),2015-08-02,,Active
Vancouver Centre,British Columbia,Vancouver (City),1917-10-06,,Active
Vancouver East,British Columbia,Vancouver (City),1935-08-14,,Active
Vancouver Granville,British Columbia,Vancouver (City),2015-08-02,,Active
Vancouver Kingsway,British Columbia,Vancouver (City),1997-04-27,,Active
Vancouver Quadra,British Columbia,Vancouver (City),1949-04-30,,Active
Vancouver South,British Columbia,Vancouver (City),2004-05-23,,Active
Vaudreuil--Soulanges,Quebec,,2015-08-02,,Active
Vaughan--Aurora,Ontario,,,,Not Active
Vaughan--Woodbridge,Ontario,Toronto Region,2015-08-02,,Active
Victoria,British Columbia,Victoria,1925-09-05,,Active
Ville-Marie--Le Sud-Ouest--Île-des-Soeurs,Quebec,Montreal Island,2015-08-02,,Active
Vimy,Quebec,Laval,2015-08-02,,Active
Waterloo,Ontario,Kitchener-Waterloo,2015-08-02,,Active
Wellington--Halton Hills,Ontario,Toronto (City),2004-05-23,,Active
West Nova,Nova Scotia,,2004-05-23,,Active
West Vancouver--Sunshine Coast--Sea to Sky Country,British Columbia,Vancouver (City),2004-09-01,,Active
Whitby,Ontario,Toronto Region,2015-08-02,,Active
Willowdale,Ontario,Toronto (City),1979-03-26,,Active
Windsor West,Ontario,Windsor,1968-04-23,,Active
Windsor--Tecumseh,Ontario,Windsor,2004-05-23,,Active
Winnipeg Centre,Manitoba,Winnipeg,1997-04-27,,Active
Winnipeg North,Manitoba,Winnipeg,2004-05-23,,Active
Winnipeg North Centre,Manitoba,Winnipeg,,,Not Active
Winnipeg South,Manitoba,Winnipeg,1988-10-01,,Active
Winnipeg South Centre,Manitoba,Winnipeg,2004-05-23,,Active
Yellowhead,Alberta,Edmonton,1979-03-26,,Active
York Centre,Ontario,Toronto (City),1953-06-13,,Active
York South--Weston,Ontario,Toronto (City),1979-03-26,,Active
York--Simcoe,Ontario,Toronto (City),2004-05-23,,Active
Yorkton--Melville,Saskatchewan,,1968-04-23,,Active
Yukon,Yukon,,1953-06-13,,Active
